{"type":"FeatureCollection","features":[{"type":"Feature","properties":{"elev_absolute":618,"min_height":3,"height":6},"geometry":{"type":"MultiPolygon","coordinates":[[[[39.601472,24.477224],[39.601472,24.477333],[39.601472,24.477441],[39.601435,24.477466],[39.601318,24.477466],[39.601201,24.477466],[39.601182,24.477441],[39.601182,24.477333],[39.601182,24.477224],[39.601201,24.477214],[39.601318,24.477214],[39.601435,24.477214],[39.601472,24.477224]]],[[[39.602733,24.477224],[39.602733,24.477333],[39.602733,24.477441],[39.60278,24.47755],[39.60278,24.477658],[39.602734,24.477767],[39.602734,24.477875],[39.602734,24.477984],[39.602737,24.478092],[39.602737,24.478201],[39.602724,24.478202],[39.602607,24.478202],[39.602596,24.478201],[39.602596,24.478092],[39.602601,24.477984],[39.602601,24.477875],[39.602601,24.477767],[39.60249,24.477712],[39.602372,24.477712],[39.602255,24.477664],[39.602138,24.477664],[39.602021,24.477664],[39.602013,24.477658],[39.602013,24.47755],[39.602021,24.477491],[39.602138,24.477491],[39.602255,24.477491],[39.602268,24.477441],[39.602268,24.477333],[39.602268,24.477224],[39.602372,24.477189],[39.60249,24.477189],[39.602607,24.477222],[39.602724,24.477222],[39.602733,24.477224]]],[[[39.602272,24.476899],[39.602272,24.477007],[39.602272,24.477116],[39.602255,24.477196],[39.602138,24.477196],[39.602021,24.477196],[39.601985,24.477116],[39.601985,24.477007],[39.601985,24.476899],[39.602021,24.476888],[39.602138,24.476888],[39.602255,24.476888],[39.602272,24.476899]]],[[[39.602268,24.469955],[39.602268,24.470063],[39.602268,24.470172],[39.602372,24.47027],[39.60249,24.47027],[39.602498,24.47028],[39.602498,24.470389],[39.602498,24.470497],[39.60249,24.470522],[39.602372,24.470522],[39.602255,24.470601],[39.602138,24.470601],[39.602021,24.470601],[39.601904,24.470604],[39.601786,24.470604],[39.601784,24.470606],[39.601784,24.470714],[39.601741,24.470823],[39.601741,24.470931],[39.601741,24.47104],[39.601786,24.471077],[39.601904,24.471077],[39.602021,24.471077],[39.602138,24.471077],[39.602255,24.471077],[39.602372,24.471077],[39.60249,24.471077],[39.602607,24.471109],[39.602724,24.471109],[39.602765,24.471148],[39.602765,24.471257],[39.602841,24.471338],[39.602958,24.471338],[39.603076,24.471338],[39.603091,24.471365],[39.603091,24.471474],[39.603091,24.471582],[39.603125,24.471691],[39.603125,24.471799],[39.603184,24.471908],[39.603184,24.472016],[39.603184,24.472125],[39.603171,24.472233],[39.603171,24.472342],[39.603193,24.472403],[39.60331,24.472403],[39.603331,24.47245],[39.603331,24.472559],[39.603331,24.472667],[39.603352,24.472776],[39.603352,24.472884],[39.603352,24.472993],[39.60331,24.473037],[39.603193,24.473037],[39.60317,24.473101],[39.60317,24.47321],[39.603077,24.473318],[39.603077,24.473427],[39.603077,24.473535],[39.603076,24.47354],[39.602958,24.47354],[39.602841,24.47354],[39.602771,24.473644],[39.602771,24.473752],[39.602724,24.473778],[39.602607,24.473778],[39.60249,24.473816],[39.602372,24.473816],[39.602255,24.473854],[39.602138,24.473854],[39.602021,24.473854],[39.601999,24.473861],[39.601999,24.473969],[39.601999,24.474078],[39.601981,24.474186],[39.601981,24.474295],[39.601963,24.474403],[39.601963,24.474512],[39.601963,24.47462],[39.601904,24.47468],[39.601786,24.47468],[39.601686,24.474729],[39.601686,24.474837],[39.601686,24.474946],[39.601776,24.475054],[39.601776,24.475163],[39.601786,24.475168],[39.601904,24.475168],[39.602021,24.475175],[39.602138,24.475175],[39.602255,24.475175],[39.602372,24.475193],[39.60249,24.475193],[39.602607,24.475187],[39.602724,24.475187],[39.602841,24.475179],[39.602958,24.475179],[39.603076,24.475179],[39.603132,24.475163],[39.603132,24.475054],[39.603193,24.475028],[39.60331,24.475028],[39.603427,24.475019],[39.603544,24.475019],[39.603661,24.475019],[39.603762,24.475054],[39.603762,24.475163],[39.603779,24.475177],[39.603896,24.475177],[39.603963,24.475271],[39.603963,24.47538],[39.603963,24.475488],[39.603992,24.475597],[39.603992,24.475705],[39.604013,24.47573],[39.60413,24.47573],[39.604164,24.475814],[39.604164,24.475922],[39.604164,24.476031],[39.60413,24.476063],[39.604013,24.476063],[39.603908,24.476139],[39.603908,24.476248],[39.603896,24.476257],[39.603779,24.476257],[39.603661,24.476327],[39.603544,24.476327],[39.603427,24.476327],[39.603346,24.476356],[39.603346,24.476465],[39.603346,24.476573],[39.60331,24.476589],[39.603193,24.476589],[39.603076,24.476623],[39.602958,24.476623],[39.602841,24.476623],[39.602724,24.476636],[39.602607,24.476636],[39.60249,24.476623],[39.602372,24.476623],[39.602255,24.476608],[39.602138,24.476608],[39.602021,24.476608],[39.601904,24.476612],[39.601786,24.476612],[39.601669,24.476593],[39.601552,24.476593],[39.601435,24.476584],[39.601318,24.476584],[39.601201,24.476584],[39.601083,24.476582],[39.600966,24.476582],[39.60093,24.476573],[39.60093,24.476465],[39.60093,24.476356],[39.600849,24.47634],[39.600732,24.47634],[39.600615,24.47634],[39.600497,24.476329],[39.60038,24.476329],[39.600344,24.476356],[39.600344,24.476465],[39.600344,24.476573],[39.60038,24.476682],[39.60038,24.47679],[39.60038,24.476791],[39.600497,24.476791],[39.600561,24.476899],[39.600561,24.477007],[39.600561,24.477116],[39.600612,24.477224],[39.600612,24.477333],[39.600612,24.477441],[39.600615,24.477446],[39.600732,24.477446],[39.600849,24.477446],[39.600959,24.47755],[39.600959,24.477658],[39.600966,24.477661],[39.601083,24.477661],[39.601201,24.477696],[39.601318,24.477696],[39.601435,24.477696],[39.601549,24.477767],[39.601549,24.477875],[39.601549,24.477984],[39.601552,24.477986],[39.601669,24.477986],[39.601784,24.478092],[39.601784,24.478201],[39.601786,24.478206],[39.601904,24.478206],[39.601926,24.478309],[39.601926,24.478418],[39.601926,24.478526],[39.601972,24.478635],[39.601972,24.478743],[39.601904,24.478816],[39.601786,24.478816],[39.601669,24.47884],[39.601552,24.47884],[39.601481,24.478852],[39.601481,24.47896],[39.601481,24.479069],[39.601435,24.479076],[39.601318,24.479076],[39.601201,24.479076],[39.601083,24.479094],[39.600966,24.479094],[39.600849,24.479073],[39.600732,24.479073],[39.600615,24.479073],[39.6006,24.479069],[39.6006,24.47896],[39.6006,24.478852],[39.600497,24.478834],[39.60038,24.478834],[39.600263,24.478795],[39.600146,24.478795],[39.60003,24.478743],[39.60003,24.478635],[39.600029,24.478634],[39.599911,24.478634],[39.599794,24.478634],[39.599794,24.478635],[39.599794,24.478743],[39.599677,24.478822],[39.59956,24.478822],[39.59952,24.478852],[39.59952,24.47896],[39.59952,24.479069],[39.59956,24.479145],[39.599677,24.479145],[39.599717,24.479177],[39.599717,24.479286],[39.599677,24.479298],[39.59956,24.479298],[39.599443,24.479297],[39.599326,24.479297],[39.599208,24.479301],[39.599091,24.479301],[39.598974,24.479301],[39.598939,24.479286],[39.598939,24.479177],[39.598857,24.479154],[39.59874,24.479154],[39.598622,24.479163],[39.598505,24.479163],[39.598475,24.479177],[39.598475,24.479286],[39.598388,24.479359],[39.598271,24.479359],[39.598154,24.479359],[39.598036,24.479369],[39.597919,24.479369],[39.597802,24.479311],[39.597685,24.479311],[39.597568,24.479311],[39.597557,24.479286],[39.597557,24.479177],[39.597513,24.479069],[39.597513,24.47896],[39.597513,24.478852],[39.597568,24.478756],[39.597685,24.478756],[39.597802,24.478756],[39.597809,24.478743],[39.597809,24.478635],[39.597802,24.47863],[39.597685,24.47863],[39.597568,24.47863],[39.597451,24.47863],[39.597333,24.47863],[39.597312,24.478635],[39.597312,24.478743],[39.597216,24.478782],[39.597099,24.478782],[39.596982,24.478819],[39.596865,24.478819],[39.596747,24.478819],[39.59663,24.478787],[39.596513,24.478787],[39.596463,24.478743],[39.596463,24.478635],[39.596478,24.478526],[39.596478,24.478418],[39.596478,24.478309],[39.596396,24.478209],[39.596279,24.478209],[39.596271,24.478201],[39.596271,24.478092],[39.596233,24.477984],[39.596233,24.477875],[39.596233,24.477767],[39.596277,24.477658],[39.596277,24.47755],[39.596279,24.477548],[39.596396,24.477548],[39.596496,24.477441],[39.596496,24.477333],[39.596496,24.477224],[39.596513,24.477209],[39.59663,24.477209],[39.596747,24.47712],[39.596865,24.47712],[39.596982,24.47712],[39.596987,24.477116],[39.596987,24.477007],[39.596987,24.476899],[39.597096,24.47679],[39.597096,24.476682],[39.597099,24.476676],[39.597216,24.476676],[39.597279,24.476573],[39.597279,24.476465],[39.597279,24.476356],[39.597216,24.47627],[39.597099,24.47627],[39.597081,24.476248],[39.597081,24.476139],[39.596982,24.47609],[39.596865,24.47609],[39.596747,24.47609],[39.59663,24.476088],[39.596513,24.476088],[39.596396,24.476052],[39.596279,24.476052],[39.596244,24.476031],[39.596244,24.475922],[39.596244,24.475814],[39.596192,24.475705],[39.596192,24.475597],[39.596161,24.475517],[39.596044,24.475517],[39.595927,24.475517],[39.595908,24.475488],[39.595908,24.47538],[39.595908,24.475271],[39.595884,24.475163],[39.595884,24.475054],[39.595927,24.475017],[39.596044,24.475017],[39.596161,24.475017],[39.596279,24.475009],[39.596396,24.475009],[39.596513,24.475007],[39.59663,24.475007],[39.596747,24.474963],[39.596865,24.474963],[39.596982,24.474963],[39.59701,24.474946],[39.59701,24.474837],[39.59701,24.474729],[39.597038,24.47462],[39.597038,24.474512],[39.597038,24.474403],[39.597099,24.474314],[39.597216,24.474314],[39.597333,24.474305],[39.597451,24.474305],[39.597568,24.474344],[39.597685,24.474344],[39.597802,24.474344],[39.597874,24.474403],[39.597874,24.474512],[39.597874,24.47462],[39.597919,24.474695],[39.598036,24.474695],[39.598073,24.474729],[39.598073,24.474837],[39.598073,24.474946],[39.598152,24.475054],[39.598152,24.475163],[39.598154,24.475165],[39.598271,24.475165],[39.598388,24.475165],[39.598391,24.475163],[39.598391,24.475054],[39.598442,24.474946],[39.598442,24.474837],[39.598442,24.474729],[39.598503,24.47462],[39.598503,24.474512],[39.598503,24.474403],[39.598505,24.474401],[39.598622,24.474401],[39.59874,24.474336],[39.598857,24.474336],[39.5989,24.474295],[39.5989,24.474186],[39.598857,24.474159],[39.59874,24.474159],[39.59865,24.474078],[39.59865,24.473969],[39.59865,24.473861],[39.598622,24.473784],[39.598505,24.473784],[39.598492,24.473752],[39.598492,24.473644],[39.598505,24.473617],[39.598622,24.473617],[39.59874,24.473548],[39.598857,24.473548],[39.598974,24.473561],[39.599091,24.473561],[39.599208,24.473561],[39.599326,24.47359],[39.599443,24.47359],[39.599477,24.473535],[39.599477,24.473427],[39.599477,24.473318],[39.599475,24.47321],[39.599475,24.473101],[39.599443,24.473078],[39.599326,24.473078],[39.599208,24.473011],[39.599091,24.473011],[39.598974,24.473011],[39.598954,24.472993],[39.598954,24.472884],[39.598954,24.472776],[39.598867,24.472667],[39.598867,24.472559],[39.598867,24.47245],[39.598857,24.472435],[39.59874,24.472435],[39.598623,24.472342],[39.598623,24.472233],[39.598622,24.472232],[39.598505,24.472232],[39.598412,24.472125],[39.598412,24.472016],[39.598412,24.471908],[39.598415,24.471799],[39.598415,24.471691],[39.598505,24.471625],[39.598622,24.471625],[39.59874,24.471602],[39.598857,24.471602],[39.598928,24.471582],[39.598928,24.471474],[39.598928,24.471365],[39.598974,24.471344],[39.599091,24.471344],[39.599208,24.471344],[39.599311,24.471257],[39.599311,24.471148],[39.599326,24.471134],[39.599443,24.471134],[39.599466,24.471148],[39.599466,24.471257],[39.59956,24.471299],[39.599677,24.471299],[39.599794,24.471262],[39.599911,24.471262],[39.600029,24.471262],[39.600039,24.471257],[39.600039,24.471148],[39.600146,24.471045],[39.600263,24.471045],[39.600271,24.47104],[39.600271,24.470931],[39.600271,24.470823],[39.60038,24.470766],[39.600497,24.470766],[39.600615,24.47072],[39.600732,24.47072],[39.600849,24.47072],[39.600859,24.470714],[39.600859,24.470606],[39.600966,24.470537],[39.601083,24.470537],[39.601201,24.470498],[39.601318,24.470498],[39.601435,24.470498],[39.601441,24.470497],[39.601441,24.470389],[39.601441,24.47028],[39.601552,24.470259],[39.601669,24.470259],[39.601786,24.470178],[39.601904,24.470178],[39.601939,24.470172],[39.601939,24.470063],[39.601939,24.469955],[39.602021,24.469947],[39.602138,24.469947],[39.602255,24.469947],[39.602268,24.469955]]]]}},{"type":"Feature","properties":{"elev_absolute":621,"min_height":6,"height":9},"geometry":{"type":"MultiPolygon","coordinates":[[[[39.602492,24.47755],[39.602492,24.477658],[39.60249,24.477659],[39.602372,24.477659],[39.602371,24.477658],[39.602371,24.47755],[39.602372,24.477547],[39.60249,24.477547],[39.602492,24.47755]]],[[[39.601712,24.470606],[39.601712,24.470714],[39.601674,24.470823],[39.601674,24.470931],[39.601674,24.47104],[39.601786,24.471133],[39.601904,24.471133],[39.602021,24.471123],[39.602138,24.471123],[39.602255,24.471123],[39.602372,24.471123],[39.60249,24.471123],[39.602555,24.471148],[39.602555,24.471257],[39.602607,24.471288],[39.602724,24.471288],[39.602796,24.471365],[39.602796,24.471474],[39.602796,24.471582],[39.602841,24.471668],[39.602958,24.471668],[39.603076,24.471668],[39.603083,24.471691],[39.603083,24.471799],[39.603125,24.471908],[39.603125,24.472016],[39.603125,24.472125],[39.603117,24.472233],[39.603117,24.472342],[39.603168,24.47245],[39.603168,24.472559],[39.603168,24.472667],[39.603168,24.472776],[39.603168,24.472884],[39.603168,24.472993],[39.603116,24.473101],[39.603116,24.47321],[39.603076,24.473257],[39.602958,24.473257],[39.602841,24.473257],[39.602792,24.473318],[39.602792,24.473427],[39.602792,24.473535],[39.602724,24.473607],[39.602607,24.473607],[39.602537,24.473644],[39.602537,24.473752],[39.60249,24.473773],[39.602372,24.473773],[39.602255,24.473817],[39.602138,24.473817],[39.602021,24.473817],[39.601904,24.473855],[39.601786,24.473855],[39.601781,24.473861],[39.601781,24.473969],[39.601781,24.474078],[39.601786,24.474133],[39.601904,24.474133],[39.601913,24.474186],[39.601913,24.474295],[39.601904,24.474325],[39.601786,24.474325],[39.601767,24.474403],[39.601767,24.474512],[39.601767,24.47462],[39.601669,24.474693],[39.601552,24.474693],[39.60151,24.474729],[39.60151,24.474837],[39.60151,24.474946],[39.601551,24.475054],[39.601551,24.475163],[39.601552,24.475164],[39.601669,24.475164],[39.601786,24.475219],[39.601904,24.475219],[39.602021,24.47524],[39.602138,24.47524],[39.602255,24.47524],[39.602372,24.475245],[39.60249,24.475245],[39.602607,24.475258],[39.602724,24.475258],[39.602841,24.475226],[39.602958,24.475226],[39.603076,24.475226],[39.603193,24.475181],[39.60331,24.475181],[39.603427,24.475171],[39.603544,24.475171],[39.603661,24.475171],[39.603773,24.475271],[39.603773,24.47538],[39.603773,24.475488],[39.603779,24.475526],[39.603896,24.475526],[39.603918,24.475597],[39.603918,24.475705],[39.604011,24.475814],[39.604011,24.475922],[39.604011,24.476031],[39.603896,24.476095],[39.603779,24.476095],[39.603754,24.476139],[39.603754,24.476248],[39.603661,24.476306],[39.603544,24.476306],[39.603427,24.476306],[39.60331,24.476347],[39.603193,24.476347],[39.603163,24.476356],[39.603163,24.476465],[39.603163,24.476573],[39.603076,24.476601],[39.602958,24.476601],[39.602841,24.476601],[39.602724,24.476615],[39.602607,24.476615],[39.60249,24.476599],[39.602372,24.476599],[39.60226,24.476573],[39.60226,24.476465],[39.60226,24.476356],[39.602255,24.476355],[39.602138,24.476355],[39.602021,24.476355],[39.601962,24.476356],[39.601962,24.476465],[39.601962,24.476573],[39.601904,24.476575],[39.601786,24.476575],[39.601777,24.476573],[39.601777,24.476465],[39.601777,24.476356],[39.601669,24.476341],[39.601552,24.476341],[39.601435,24.476291],[39.601318,24.476291],[39.601201,24.476291],[39.601083,24.476282],[39.600966,24.476282],[39.600849,24.476283],[39.600732,24.476283],[39.600615,24.476283],[39.600497,24.476279],[39.60038,24.476279],[39.600276,24.476356],[39.600276,24.476465],[39.600276,24.476573],[39.600339,24.476682],[39.600339,24.47679],[39.60038,24.476866],[39.600497,24.476866],[39.600517,24.476899],[39.600517,24.477007],[39.600517,24.477116],[39.600563,24.477224],[39.600563,24.477333],[39.600563,24.477441],[39.600615,24.477533],[39.600732,24.477533],[39.600849,24.477533],[39.600867,24.47755],[39.600867,24.477658],[39.600966,24.477689],[39.601083,24.477689],[39.601201,24.477749],[39.601318,24.477749],[39.601435,24.477749],[39.601463,24.477767],[39.601463,24.477875],[39.601463,24.477984],[39.601552,24.47805],[39.601669,24.47805],[39.601715,24.478092],[39.601715,24.478201],[39.601774,24.478309],[39.601774,24.478418],[39.601774,24.478526],[39.601786,24.478632],[39.601904,24.478632],[39.601904,24.478635],[39.601904,24.478743],[39.601904,24.478744],[39.601786,24.478744],[39.601669,24.478813],[39.601552,24.478813],[39.601435,24.478836],[39.601318,24.478836],[39.601201,24.478836],[39.601097,24.478852],[39.601097,24.47896],[39.601097,24.479069],[39.601083,24.479071],[39.600966,24.479071],[39.600954,24.479069],[39.600954,24.47896],[39.600954,24.478852],[39.600849,24.478837],[39.600732,24.478837],[39.600615,24.478837],[39.600497,24.478817],[39.60038,24.478817],[39.600263,24.478767],[39.600146,24.478767],[39.600093,24.478743],[39.600093,24.478635],[39.600029,24.478611],[39.599911,24.478611],[39.599794,24.478611],[39.599747,24.478635],[39.599747,24.478743],[39.599677,24.478791],[39.59956,24.478791],[39.599478,24.478852],[39.599478,24.47896],[39.599478,24.479069],[39.599443,24.479129],[39.599326,24.479129],[39.599208,24.479164],[39.599091,24.479164],[39.598974,24.479164],[39.598857,24.479135],[39.59874,24.479135],[39.598622,24.479144],[39.598505,24.479144],[39.598434,24.479177],[39.598434,24.479286],[39.598388,24.479324],[39.598271,24.479324],[39.598154,24.479324],[39.598036,24.479344],[39.597919,24.479344],[39.597829,24.479286],[39.597829,24.479177],[39.597802,24.479122],[39.597685,24.479122],[39.597568,24.479122],[39.597546,24.479069],[39.597546,24.47896],[39.597546,24.478852],[39.597568,24.478813],[39.597685,24.478813],[39.597802,24.478813],[39.597838,24.478743],[39.597838,24.478635],[39.597802,24.478607],[39.597685,24.478607],[39.597568,24.478607],[39.597451,24.478614],[39.597333,24.478614],[39.597249,24.478635],[39.597249,24.478743],[39.597216,24.478756],[39.597099,24.478756],[39.596982,24.478792],[39.596865,24.478792],[39.596747,24.478792],[39.59663,24.478754],[39.596513,24.478754],[39.596501,24.478743],[39.596501,24.478635],[39.596513,24.478543],[39.59663,24.478543],[39.596632,24.478526],[39.596632,24.478418],[39.596632,24.478309],[39.59663,24.478307],[39.596513,24.478307],[39.596428,24.478201],[39.596428,24.478092],[39.596396,24.478022],[39.596279,24.478022],[39.596265,24.477984],[39.596265,24.477875],[39.596265,24.477767],[39.596279,24.477733],[39.596396,24.477733],[39.596428,24.477658],[39.596428,24.47755],[39.596513,24.477459],[39.59663,24.477459],[39.596645,24.477441],[39.596645,24.477333],[39.596645,24.477224],[39.596747,24.477144],[39.596865,24.477144],[39.596982,24.477144],[39.597017,24.477116],[39.597017,24.477007],[39.597017,24.476899],[39.597099,24.476818],[39.597216,24.476818],[39.597253,24.47679],[39.597253,24.476682],[39.597333,24.476575],[39.597451,24.476575],[39.597452,24.476573],[39.597452,24.476465],[39.597452,24.476356],[39.597451,24.476355],[39.597333,24.476355],[39.597241,24.476248],[39.597241,24.476139],[39.597216,24.476105],[39.597099,24.476105],[39.596982,24.476059],[39.596865,24.476059],[39.596747,24.476059],[39.59663,24.476067],[39.596513,24.476067],[39.596397,24.476031],[39.596397,24.475922],[39.596397,24.475814],[39.596396,24.475813],[39.596279,24.475813],[39.596224,24.475705],[39.596224,24.475597],[39.596186,24.475488],[39.596186,24.47538],[39.596186,24.475271],[39.596162,24.475163],[39.596162,24.475054],[39.596279,24.475035],[39.596396,24.475035],[39.596513,24.475034],[39.59663,24.475034],[39.596747,24.474988],[39.596865,24.474988],[39.596982,24.474988],[39.597052,24.474946],[39.597052,24.474837],[39.597052,24.474729],[39.597065,24.47462],[39.597065,24.474512],[39.597065,24.474403],[39.597099,24.474353],[39.597216,24.474353],[39.597333,24.474327],[39.597451,24.474327],[39.597568,24.474374],[39.597685,24.474374],[39.597802,24.474374],[39.597837,24.474403],[39.597837,24.474512],[39.597837,24.47462],[39.597907,24.474729],[39.597907,24.474837],[39.597907,24.474946],[39.597919,24.474966],[39.598036,24.474966],[39.598112,24.475054],[39.598112,24.475163],[39.598154,24.475203],[39.598271,24.475203],[39.598388,24.475203],[39.598446,24.475163],[39.598446,24.475054],[39.598485,24.474946],[39.598485,24.474837],[39.598485,24.474729],[39.598505,24.474693],[39.598622,24.474693],[39.598707,24.47462],[39.598707,24.474512],[39.598707,24.474403],[39.59874,24.474385],[39.598857,24.474385],[39.598952,24.474295],[39.598952,24.474186],[39.598857,24.474126],[39.59874,24.474126],[39.598686,24.474078],[39.598686,24.473969],[39.598686,24.473861],[39.598647,24.473752],[39.598647,24.473644],[39.59874,24.473575],[39.598857,24.473575],[39.598974,24.473592],[39.599091,24.473592],[39.599208,24.473592],[39.599315,24.473644],[39.599315,24.473752],[39.599326,24.473758],[39.599443,24.473758],[39.59945,24.473752],[39.59945,24.473644],[39.599518,24.473535],[39.599518,24.473427],[39.599518,24.473318],[39.599518,24.47321],[39.599518,24.473101],[39.599443,24.473046],[39.599326,24.473046],[39.599239,24.472993],[39.599239,24.472884],[39.599239,24.472776],[39.599208,24.472757],[39.599091,24.472757],[39.598974,24.472757],[39.598896,24.472667],[39.598896,24.472559],[39.598896,24.47245],[39.598857,24.472394],[39.59874,24.472394],[39.598675,24.472342],[39.598675,24.472233],[39.598622,24.472183],[39.598505,24.472183],[39.598455,24.472125],[39.598455,24.472016],[39.598455,24.471908],[39.598491,24.471799],[39.598491,24.471691],[39.598505,24.471681],[39.598622,24.471681],[39.59874,24.471631],[39.598857,24.471631],[39.598974,24.471603],[39.599091,24.471603],[39.599208,24.471603],[39.59928,24.471582],[39.59928,24.471474],[39.59928,24.471365],[39.599326,24.47133],[39.599443,24.47133],[39.59956,24.471342],[39.599677,24.471342],[39.599794,24.471282],[39.599911,24.471282],[39.600029,24.471282],[39.600081,24.471257],[39.600081,24.471148],[39.600146,24.471086],[39.600263,24.471086],[39.600331,24.47104],[39.600331,24.470931],[39.600331,24.470823],[39.60038,24.470797],[39.600497,24.470797],[39.600615,24.470762],[39.600732,24.470762],[39.600849,24.470762],[39.600931,24.470714],[39.600931,24.470606],[39.600966,24.470583],[39.601083,24.470583],[39.601201,24.47053],[39.601318,24.47053],[39.601435,24.47053],[39.601552,24.470549],[39.601669,24.470549],[39.601712,24.470606]]],[[[39.60234,24.47028],[39.60234,24.470389],[39.60234,24.470497],[39.602255,24.470565],[39.602138,24.470565],[39.602021,24.470565],[39.601904,24.470556],[39.601786,24.470556],[39.601706,24.470497],[39.601706,24.470389],[39.601706,24.47028],[39.601786,24.470224],[39.601904,24.470224],[39.602021,24.4702],[39.602138,24.4702],[39.602255,24.4702],[39.60234,24.47028]]]]}},{"type":"Feature","properties":{"elev_absolute":624,"min_height":9,"height":12},"geometry":{"type":"MultiPolygon","coordinates":[[[[39.601526,24.470606],[39.601526,24.470714],[39.601513,24.470823],[39.601513,24.470931],[39.601513,24.47104],[39.601489,24.471148],[39.601489,24.471257],[39.601552,24.47129],[39.601669,24.47129],[39.601786,24.47128],[39.601904,24.47128],[39.602021,24.471269],[39.602138,24.471269],[39.602255,24.471269],[39.602372,24.471277],[39.60249,24.471277],[39.602607,24.471362],[39.602724,24.471362],[39.602727,24.471365],[39.602727,24.471474],[39.602727,24.471582],[39.602807,24.471691],[39.602807,24.471799],[39.602832,24.471908],[39.602832,24.472016],[39.602832,24.472125],[39.602833,24.472233],[39.602833,24.472342],[39.602841,24.472355],[39.602958,24.472355],[39.603076,24.472355],[39.603133,24.47245],[39.603133,24.472559],[39.603133,24.472667],[39.603134,24.472776],[39.603134,24.472884],[39.603134,24.472993],[39.603076,24.473088],[39.602958,24.473088],[39.602841,24.473088],[39.602831,24.473101],[39.602831,24.47321],[39.602742,24.473318],[39.602742,24.473427],[39.602742,24.473535],[39.602724,24.473554],[39.602607,24.473554],[39.60249,24.473629],[39.602372,24.473629],[39.602325,24.473644],[39.602325,24.473752],[39.602255,24.473781],[39.602138,24.473781],[39.602021,24.473781],[39.601904,24.473818],[39.601786,24.473818],[39.601741,24.473861],[39.601741,24.473969],[39.601741,24.474078],[39.601758,24.474186],[39.601758,24.474295],[39.601715,24.474403],[39.601715,24.474512],[39.601715,24.47462],[39.601669,24.474654],[39.601552,24.474654],[39.601464,24.474729],[39.601464,24.474837],[39.601464,24.474946],[39.601514,24.475054],[39.601514,24.475163],[39.601552,24.475199],[39.601669,24.475199],[39.601786,24.47527],[39.601904,24.47527],[39.601909,24.475271],[39.601909,24.47538],[39.601909,24.475488],[39.602021,24.475502],[39.602138,24.475502],[39.602255,24.475502],[39.602372,24.4755],[39.60249,24.4755],[39.602607,24.47551],[39.602724,24.47551],[39.602841,24.475489],[39.602958,24.475489],[39.603076,24.475489],[39.603077,24.475488],[39.603077,24.47538],[39.603077,24.475271],[39.603193,24.475211],[39.60331,24.475211],[39.603427,24.475203],[39.603544,24.475203],[39.603661,24.475203],[39.603738,24.475271],[39.603738,24.47538],[39.603738,24.475488],[39.603764,24.475597],[39.603764,24.475705],[39.603779,24.475803],[39.603896,24.475803],[39.603904,24.475814],[39.603904,24.475922],[39.603904,24.476031],[39.603896,24.476035],[39.603779,24.476035],[39.603719,24.476139],[39.603719,24.476248],[39.603661,24.476284],[39.603544,24.476284],[39.603427,24.476284],[39.60331,24.476326],[39.603193,24.476326],[39.603092,24.476356],[39.603092,24.476465],[39.603092,24.476573],[39.603076,24.476578],[39.602958,24.476578],[39.602841,24.476578],[39.602724,24.476595],[39.602607,24.476595],[39.60249,24.476574],[39.602372,24.476574],[39.602369,24.476573],[39.602369,24.476465],[39.602369,24.476356],[39.602255,24.476336],[39.602138,24.476336],[39.602021,24.476336],[39.601904,24.476338],[39.601786,24.476338],[39.601669,24.47631],[39.601552,24.47631],[39.601456,24.476248],[39.601456,24.476139],[39.601435,24.476126],[39.601318,24.476126],[39.601201,24.476126],[39.601083,24.476126],[39.600966,24.476126],[39.600849,24.47613],[39.600732,24.47613],[39.600615,24.47613],[39.600497,24.47613],[39.60038,24.47613],[39.600315,24.476139],[39.600315,24.476248],[39.600263,24.476278],[39.600146,24.476278],[39.600118,24.476356],[39.600118,24.476465],[39.600118,24.476573],[39.600146,24.476625],[39.600263,24.476625],[39.600299,24.476682],[39.600299,24.47679],[39.600362,24.476899],[39.600362,24.477007],[39.600362,24.477116],[39.60038,24.477182],[39.600497,24.477182],[39.600515,24.477224],[39.600515,24.477333],[39.600515,24.477441],[39.600559,24.47755],[39.600559,24.477658],[39.600615,24.477675],[39.600732,24.477675],[39.600849,24.477675],[39.600966,24.477718],[39.601083,24.477718],[39.601167,24.477767],[39.601167,24.477875],[39.601167,24.477984],[39.601201,24.478007],[39.601318,24.478007],[39.601435,24.478007],[39.601538,24.478092],[39.601538,24.478201],[39.601552,24.478215],[39.601669,24.478215],[39.601742,24.478309],[39.601742,24.478418],[39.601742,24.478526],[39.60174,24.478635],[39.60174,24.478743],[39.601669,24.478785],[39.601552,24.478785],[39.601435,24.478815],[39.601318,24.478815],[39.601201,24.478815],[39.601083,24.478833],[39.600966,24.478833],[39.600849,24.478819],[39.600732,24.478819],[39.600615,24.478819],[39.600497,24.478799],[39.60038,24.478799],[39.600269,24.478743],[39.600269,24.478635],[39.600263,24.478631],[39.600146,24.478631],[39.600029,24.478588],[39.599911,24.478588],[39.599794,24.478588],[39.599701,24.478635],[39.599701,24.478743],[39.599677,24.478759],[39.59956,24.478759],[39.599443,24.478848],[39.599326,24.478848],[39.599319,24.478852],[39.599319,24.47896],[39.599319,24.479069],[39.599208,24.479135],[39.599091,24.479135],[39.598974,24.479135],[39.598857,24.479116],[39.59874,24.479116],[39.598622,24.479124],[39.598505,24.479124],[39.598392,24.479177],[39.598392,24.479286],[39.598388,24.479289],[39.598271,24.479289],[39.598154,24.479289],[39.598036,24.479319],[39.597919,24.479319],[39.597868,24.479286],[39.597868,24.479177],[39.597816,24.479069],[39.597816,24.47896],[39.597816,24.478852],[39.597867,24.478743],[39.597867,24.478635],[39.597802,24.478585],[39.597685,24.478585],[39.597568,24.478585],[39.597451,24.478599],[39.597333,24.478599],[39.597216,24.478626],[39.597099,24.478626],[39.597057,24.478635],[39.597057,24.478743],[39.596982,24.478766],[39.596865,24.478766],[39.596747,24.478766],[39.596683,24.478743],[39.596683,24.478635],[39.59666,24.478526],[39.59666,24.478418],[39.59666,24.478309],[39.59663,24.478258],[39.596513,24.478258],[39.596467,24.478201],[39.596467,24.478092],[39.596413,24.477984],[39.596413,24.477875],[39.596413,24.477767],[39.596462,24.477658],[39.596462,24.47755],[39.596513,24.477495],[39.59663,24.477495],[39.596675,24.477441],[39.596675,24.477333],[39.596675,24.477224],[39.596747,24.477168],[39.596865,24.477168],[39.596982,24.477168],[39.597047,24.477116],[39.597047,24.477007],[39.597047,24.476899],[39.597099,24.476847],[39.597216,24.476847],[39.597293,24.47679],[39.597293,24.476682],[39.597333,24.476628],[39.597451,24.476628],[39.597494,24.476573],[39.597494,24.476465],[39.597494,24.476356],[39.597451,24.476314],[39.597333,24.476314],[39.597276,24.476248],[39.597276,24.476139],[39.597216,24.476057],[39.597099,24.476057],[39.596994,24.476031],[39.596994,24.475922],[39.596994,24.475814],[39.596982,24.475811],[39.596865,24.475811],[39.596747,24.475811],[39.596738,24.475814],[39.596738,24.475922],[39.596738,24.476031],[39.59663,24.476047],[39.596513,24.476047],[39.596462,24.476031],[39.596462,24.475922],[39.596462,24.475814],[39.596396,24.47575],[39.596279,24.47575],[39.596256,24.475705],[39.596256,24.475597],[39.596224,24.475488],[39.596224,24.47538],[39.596224,24.475271],[39.596279,24.475179],[39.596396,24.475179],[39.596513,24.475175],[39.59663,24.475175],[39.596647,24.475163],[39.596647,24.475054],[39.596747,24.475014],[39.596865,24.475014],[39.596982,24.475014],[39.597095,24.474946],[39.597095,24.474837],[39.597095,24.474729],[39.597091,24.47462],[39.597091,24.474512],[39.597091,24.474403],[39.597099,24.474392],[39.597216,24.474392],[39.597333,24.47435],[39.597451,24.47435],[39.597566,24.474403],[39.597566,24.474512],[39.597566,24.47462],[39.597568,24.474622],[39.597685,24.474622],[39.597802,24.474622],[39.597877,24.474729],[39.597877,24.474837],[39.597877,24.474946],[39.597919,24.475012],[39.598036,24.475012],[39.598072,24.475054],[39.598072,24.475163],[39.598154,24.475242],[39.598271,24.475242],[39.598388,24.475242],[39.598501,24.475163],[39.598501,24.475054],[39.598505,24.475041],[39.598622,24.475041],[39.598639,24.474946],[39.598639,24.474837],[39.598639,24.474729],[39.59874,24.474638],[39.598857,24.474638],[39.598904,24.47462],[39.598904,24.474512],[39.598904,24.474403],[39.598974,24.474336],[39.599091,24.474336],[39.599208,24.474336],[39.599229,24.474295],[39.599229,24.474186],[39.599208,24.474159],[39.599091,24.474159],[39.598974,24.474159],[39.598857,24.474093],[39.59874,24.474093],[39.598722,24.474078],[39.598722,24.473969],[39.598722,24.473861],[39.598684,24.473752],[39.598684,24.473644],[39.59874,24.473602],[39.598857,24.473602],[39.598974,24.473623],[39.599091,24.473623],[39.599208,24.473623],[39.599251,24.473644],[39.599251,24.473752],[39.599326,24.473792],[39.599443,24.473792],[39.599495,24.473752],[39.599495,24.473644],[39.599558,24.473535],[39.599558,24.473427],[39.599558,24.473318],[39.59956,24.47327],[39.599677,24.47327],[39.599679,24.47321],[39.599679,24.473101],[39.599677,24.4731],[39.59956,24.4731],[39.599443,24.473014],[39.599326,24.473014],[39.59929,24.472993],[39.59929,24.472884],[39.59929,24.472776],[39.599208,24.472724],[39.599091,24.472724],[39.598974,24.472724],[39.598925,24.472667],[39.598925,24.472559],[39.598925,24.47245],[39.598857,24.472353],[39.59874,24.472353],[39.598726,24.472342],[39.598726,24.472233],[39.598622,24.472134],[39.598505,24.472134],[39.598497,24.472125],[39.598497,24.472016],[39.598497,24.471908],[39.598505,24.471888],[39.598622,24.471888],[39.598675,24.471799],[39.598675,24.471691],[39.59874,24.471661],[39.598857,24.471661],[39.598974,24.471639],[39.599091,24.471639],[39.599208,24.471639],[39.599326,24.471625],[39.599443,24.471625],[39.59956,24.471597],[39.599677,24.471597],[39.599693,24.471582],[39.599693,24.471474],[39.599693,24.471365],[39.599794,24.471303],[39.599911,24.471303],[39.600029,24.471303],[39.600124,24.471257],[39.600124,24.471148],[39.600146,24.471127],[39.600263,24.471127],[39.60038,24.471048],[39.600497,24.471048],[39.60053,24.47104],[39.60053,24.470931],[39.60053,24.470823],[39.600615,24.470803],[39.600732,24.470803],[39.600849,24.470803],[39.600966,24.470738],[39.601083,24.470738],[39.601116,24.470714],[39.601116,24.470606],[39.601201,24.470562],[39.601318,24.470562],[39.601435,24.470562],[39.601526,24.470606]]],[[[39.602296,24.47028],[39.602296,24.470389],[39.602296,24.470497],[39.602255,24.47053],[39.602138,24.47053],[39.602021,24.47053],[39.601904,24.470509],[39.601786,24.470509],[39.601771,24.470497],[39.601771,24.470389],[39.601771,24.47028],[39.601786,24.470269],[39.601904,24.470269],[39.602021,24.470242],[39.602138,24.470242],[39.602255,24.470242],[39.602296,24.47028]]]]}},{"type":"Feature","properties":{"elev_absolute":627,"min_height":12,"height":15},"geometry":{"type":"MultiPolygon","coordinates":[[[[39.59893,24.473644],[39.59893,24.473752],[39.598857,24.473806],[39.59874,24.473806],[39.59872,24.473752],[39.59872,24.473644],[39.59874,24.473629],[39.598857,24.473629],[39.59893,24.473644]]],[[[39.601458,24.470606],[39.601458,24.470714],[39.601472,24.470823],[39.601472,24.470931],[39.601472,24.47104],[39.601435,24.471111],[39.601318,24.471111],[39.601201,24.471111],[39.601164,24.471148],[39.601164,24.471257],[39.601083,24.471322],[39.600966,24.471322],[39.600849,24.471357],[39.600732,24.471357],[39.600615,24.471357],[39.600609,24.471365],[39.600609,24.471474],[39.600609,24.471582],[39.600615,24.471597],[39.600732,24.471597],[39.600849,24.471597],[39.600966,24.471647],[39.601083,24.471647],[39.601201,24.471604],[39.601318,24.471604],[39.601435,24.471604],[39.601501,24.471582],[39.601501,24.471474],[39.601501,24.471365],[39.601552,24.471342],[39.601669,24.471342],[39.601786,24.471311],[39.601904,24.471311],[39.602021,24.471298],[39.602138,24.471298],[39.602255,24.471298],[39.602372,24.471321],[39.60249,24.471321],[39.602549,24.471365],[39.602549,24.471474],[39.602549,24.471582],[39.602607,24.471634],[39.602724,24.471634],[39.602766,24.471691],[39.602766,24.471799],[39.602771,24.471908],[39.602771,24.472016],[39.602771,24.472125],[39.602797,24.472233],[39.602797,24.472342],[39.602841,24.472413],[39.602958,24.472413],[39.603076,24.472413],[39.603098,24.47245],[39.603098,24.472559],[39.603098,24.472667],[39.6031,24.472776],[39.6031,24.472884],[39.6031,24.472993],[39.603076,24.473032],[39.602958,24.473032],[39.602841,24.473032],[39.602789,24.473101],[39.602789,24.47321],[39.602724,24.473286],[39.602607,24.473286],[39.602582,24.473318],[39.602582,24.473427],[39.602582,24.473535],[39.60249,24.473602],[39.602372,24.473602],[39.602255,24.473638],[39.602138,24.473638],[39.602021,24.473638],[39.601994,24.473644],[39.601994,24.473752],[39.601904,24.473781],[39.601786,24.473781],[39.601702,24.473861],[39.601702,24.473969],[39.601702,24.474078],[39.601724,24.474186],[39.601724,24.474295],[39.601669,24.474395],[39.601552,24.474395],[39.601546,24.474403],[39.601546,24.474512],[39.601546,24.47462],[39.601435,24.474714],[39.601318,24.474714],[39.601201,24.474714],[39.601186,24.474729],[39.601186,24.474837],[39.601186,24.474946],[39.601201,24.474972],[39.601318,24.474972],[39.601435,24.474972],[39.601477,24.475054],[39.601477,24.475163],[39.601552,24.475234],[39.601669,24.475234],[39.60173,24.475271],[39.60173,24.47538],[39.60173,24.475488],[39.601786,24.475521],[39.601904,24.475521],[39.602021,24.475527],[39.602138,24.475527],[39.602255,24.475527],[39.602372,24.475523],[39.60249,24.475523],[39.602607,24.475537],[39.602724,24.475537],[39.602841,24.475524],[39.602958,24.475524],[39.603076,24.475524],[39.603135,24.475488],[39.603135,24.47538],[39.603135,24.475271],[39.603193,24.475241],[39.60331,24.475241],[39.603427,24.475234],[39.603544,24.475234],[39.603661,24.475234],[39.603703,24.475271],[39.603703,24.47538],[39.603703,24.475488],[39.603742,24.475597],[39.603742,24.475705],[39.603758,24.475814],[39.603758,24.475922],[39.603758,24.476031],[39.603685,24.476139],[39.603685,24.476248],[39.603661,24.476263],[39.603544,24.476263],[39.603427,24.476263],[39.60331,24.476304],[39.603193,24.476304],[39.603076,24.476341],[39.602958,24.476341],[39.602841,24.476341],[39.60273,24.476356],[39.60273,24.476465],[39.60273,24.476573],[39.602724,24.476574],[39.602607,24.476574],[39.602602,24.476573],[39.602602,24.476465],[39.602602,24.476356],[39.60249,24.476336],[39.602372,24.476336],[39.602255,24.476316],[39.602138,24.476316],[39.602021,24.476316],[39.601904,24.476319],[39.601786,24.476319],[39.601669,24.476279],[39.601552,24.476279],[39.601504,24.476248],[39.601504,24.476139],[39.601435,24.476097],[39.601318,24.476097],[39.601201,24.476097],[39.601083,24.476102],[39.600966,24.476102],[39.600849,24.476108],[39.600732,24.476108],[39.600615,24.476108],[39.600497,24.476105],[39.60038,24.476105],[39.600263,24.47612],[39.600146,24.47612],[39.600122,24.476139],[39.600122,24.476248],[39.600083,24.476356],[39.600083,24.476465],[39.600083,24.476573],[39.600142,24.476682],[39.600142,24.47679],[39.600146,24.476796],[39.600263,24.476796],[39.600329,24.476899],[39.600329,24.477007],[39.600329,24.477116],[39.600357,24.477224],[39.600357,24.477333],[39.600357,24.477441],[39.600373,24.47755],[39.600373,24.477658],[39.60038,24.47766],[39.600497,24.47766],[39.600615,24.477697],[39.600732,24.477697],[39.600849,24.477697],[39.600966,24.477747],[39.601083,24.477747],[39.601118,24.477767],[39.601118,24.477875],[39.601118,24.477984],[39.601201,24.478041],[39.601318,24.478041],[39.601435,24.478041],[39.601497,24.478092],[39.601497,24.478201],[39.601552,24.478256],[39.601669,24.478256],[39.60171,24.478309],[39.60171,24.478418],[39.60171,24.478526],[39.601694,24.478635],[39.601694,24.478743],[39.601669,24.478758],[39.601552,24.478758],[39.601435,24.478793],[39.601318,24.478793],[39.601201,24.478793],[39.601083,24.478812],[39.600966,24.478812],[39.600849,24.478801],[39.600732,24.478801],[39.600615,24.478801],[39.600497,24.478781],[39.60038,24.478781],[39.600305,24.478743],[39.600305,24.478635],[39.600263,24.478606],[39.600146,24.478606],[39.600029,24.478565],[39.599911,24.478565],[39.599794,24.478565],[39.599677,24.478625],[39.59956,24.478625],[39.599542,24.478635],[39.599542,24.478743],[39.599443,24.47882],[39.599326,24.47882],[39.599272,24.478852],[39.599272,24.47896],[39.599272,24.479069],[39.599208,24.479107],[39.599091,24.479107],[39.598974,24.479107],[39.598857,24.479098],[39.59874,24.479098],[39.598622,24.479105],[39.598505,24.479105],[39.598388,24.479146],[39.598271,24.479146],[39.598154,24.479146],[39.598068,24.479177],[39.598068,24.479286],[39.598036,24.479294],[39.597919,24.479294],[39.597907,24.479286],[39.597907,24.479177],[39.597857,24.479069],[39.597857,24.47896],[39.597857,24.478852],[39.597896,24.478743],[39.597896,24.478635],[39.597802,24.478562],[39.597685,24.478562],[39.597568,24.478562],[39.597451,24.478583],[39.597333,24.478583],[39.597216,24.478609],[39.597099,24.478609],[39.596982,24.478628],[39.596865,24.478628],[39.596747,24.478628],[39.596687,24.478526],[39.596687,24.478418],[39.596687,24.478309],[39.59663,24.478209],[39.596513,24.478209],[39.596506,24.478201],[39.596506,24.478092],[39.596444,24.477984],[39.596444,24.477875],[39.596444,24.477767],[39.596495,24.477658],[39.596495,24.47755],[39.596513,24.477531],[39.59663,24.477531],[39.596706,24.477441],[39.596706,24.477333],[39.596706,24.477224],[39.596747,24.477192],[39.596865,24.477192],[39.596982,24.477192],[39.597076,24.477116],[39.597076,24.477007],[39.597076,24.476899],[39.597099,24.476876],[39.597216,24.476876],[39.597332,24.47679],[39.597332,24.476682],[39.597333,24.47668],[39.597451,24.47668],[39.597536,24.476573],[39.597536,24.476465],[39.597536,24.476356],[39.597451,24.476274],[39.597333,24.476274],[39.597311,24.476248],[39.597311,24.476139],[39.597236,24.476031],[39.597236,24.475922],[39.597236,24.475814],[39.597216,24.475799],[39.597099,24.475799],[39.596982,24.475769],[39.596865,24.475769],[39.596747,24.475769],[39.59663,24.475801],[39.596513,24.475801],[39.596412,24.475705],[39.596412,24.475597],[39.596396,24.475556],[39.596279,24.475556],[39.596261,24.475488],[39.596261,24.47538],[39.596261,24.475271],[39.596279,24.475242],[39.596396,24.475242],[39.596513,24.47522],[39.59663,24.47522],[39.59671,24.475163],[39.59671,24.475054],[39.596747,24.475039],[39.596865,24.475039],[39.596982,24.475039],[39.597099,24.474991],[39.597216,24.474991],[39.597242,24.474946],[39.597242,24.474837],[39.597242,24.474729],[39.597255,24.47462],[39.597255,24.474512],[39.597255,24.474403],[39.597333,24.474372],[39.597451,24.474372],[39.597518,24.474403],[39.597518,24.474512],[39.597518,24.47462],[39.597568,24.474664],[39.597685,24.474664],[39.597802,24.474664],[39.597847,24.474729],[39.597847,24.474837],[39.597847,24.474946],[39.597916,24.475054],[39.597916,24.475163],[39.597919,24.475166],[39.598036,24.475166],[39.598145,24.475271],[39.598145,24.47538],[39.598145,24.475488],[39.598154,24.475494],[39.598271,24.475494],[39.598388,24.475494],[39.598497,24.475488],[39.598497,24.47538],[39.598497,24.475271],[39.598505,24.475269],[39.598622,24.475269],[39.598643,24.475163],[39.598643,24.475054],[39.59867,24.474946],[39.59867,24.474837],[39.59867,24.474729],[39.59874,24.474666],[39.598857,24.474666],[39.598974,24.474621],[39.599091,24.474621],[39.599208,24.474621],[39.599211,24.47462],[39.599211,24.474512],[39.599211,24.474403],[39.599265,24.474295],[39.599265,24.474186],[39.599208,24.474112],[39.599091,24.474112],[39.598974,24.474112],[39.598906,24.474078],[39.598906,24.473969],[39.598906,24.473861],[39.598974,24.473785],[39.599091,24.473785],[39.599208,24.473785],[39.599326,24.473825],[39.599443,24.473825],[39.599539,24.473752],[39.599539,24.473644],[39.59956,24.473608],[39.599677,24.473608],[39.599712,24.473535],[39.599712,24.473427],[39.599712,24.473318],[39.599717,24.47321],[39.599717,24.473101],[39.599677,24.473061],[39.59956,24.473061],[39.599461,24.472993],[39.599461,24.472884],[39.599461,24.472776],[39.599443,24.472767],[39.599326,24.472767],[39.599208,24.472691],[39.599091,24.472691],[39.598974,24.472691],[39.598953,24.472667],[39.598953,24.472559],[39.598953,24.47245],[39.598882,24.472342],[39.598882,24.472233],[39.598857,24.472205],[39.59874,24.472205],[39.598655,24.472125],[39.598655,24.472016],[39.598655,24.471908],[39.598739,24.471799],[39.598739,24.471691],[39.59874,24.47169],[39.598857,24.47169],[39.598974,24.471675],[39.599091,24.471675],[39.599208,24.471675],[39.599323,24.471691],[39.599323,24.471799],[39.599326,24.4718],[39.599443,24.4718],[39.599443,24.471799],[39.599443,24.471691],[39.59956,24.471628],[39.599677,24.471628],[39.599726,24.471582],[39.599726,24.471474],[39.599726,24.471365],[39.599794,24.471324],[39.599911,24.471324],[39.600029,24.471324],[39.600146,24.471271],[39.600263,24.471271],[39.600298,24.471257],[39.600298,24.471148],[39.60038,24.471095],[39.600497,24.471095],[39.600615,24.471077],[39.600732,24.471077],[39.600849,24.471077],[39.600896,24.47104],[39.600896,24.470931],[39.600896,24.470823],[39.600966,24.470785],[39.601083,24.470785],[39.601178,24.470714],[39.601178,24.470606],[39.601201,24.470594],[39.601318,24.470594],[39.601435,24.470594],[39.601458,24.470606]]]]}},{"type":"Feature","properties":{"elev_absolute":630,"min_height":15,"height":18},"geometry":{"type":"MultiPolygon","coordinates":[[[[39.601087,24.471148],[39.601087,24.471257],[39.601083,24.471259],[39.600966,24.471259],[39.600849,24.471261],[39.600732,24.471261],[39.600615,24.471261],[39.600547,24.471365],[39.600547,24.471474],[39.600547,24.471582],[39.600598,24.471691],[39.600598,24.471799],[39.600615,24.471817],[39.600732,24.471817],[39.600849,24.471817],[39.600966,24.47185],[39.601083,24.47185],[39.601118,24.471799],[39.601118,24.471691],[39.601201,24.471642],[39.601318,24.471642],[39.601435,24.471642],[39.601552,24.471602],[39.601669,24.471602],[39.601722,24.471582],[39.601722,24.471474],[39.601722,24.471365],[39.601786,24.471343],[39.601904,24.471343],[39.602021,24.471326],[39.602138,24.471326],[39.602255,24.471326],[39.602372,24.471365],[39.60249,24.471365],[39.60249,24.471365],[39.60249,24.471474],[39.60249,24.471582],[39.602607,24.471689],[39.602724,24.471689],[39.602726,24.471691],[39.602726,24.471799],[39.602724,24.471816],[39.602607,24.471816],[39.6026,24.471908],[39.6026,24.472016],[39.6026,24.472125],[39.602607,24.472144],[39.602724,24.472144],[39.60276,24.472233],[39.60276,24.472342],[39.602831,24.47245],[39.602831,24.472559],[39.602831,24.472667],[39.602831,24.472776],[39.602831,24.472884],[39.602831,24.472993],[39.602746,24.473101],[39.602746,24.47321],[39.602724,24.473236],[39.602607,24.473236],[39.602544,24.473318],[39.602544,24.473427],[39.602544,24.473535],[39.60249,24.473574],[39.602372,24.473574],[39.602255,24.473613],[39.602138,24.473613],[39.602021,24.473613],[39.601904,24.473639],[39.601786,24.473639],[39.601771,24.473644],[39.601771,24.473752],[39.601669,24.47385],[39.601552,24.47385],[39.601547,24.473861],[39.601547,24.473969],[39.601547,24.474078],[39.601552,24.474101],[39.601669,24.474101],[39.60169,24.474186],[39.60169,24.474295],[39.601669,24.474333],[39.601552,24.474333],[39.601499,24.474403],[39.601499,24.474512],[39.601499,24.47462],[39.601435,24.474675],[39.601318,24.474675],[39.601201,24.474675],[39.601145,24.474729],[39.601145,24.474837],[39.601145,24.474946],[39.601201,24.475044],[39.601318,24.475044],[39.601435,24.475044],[39.60144,24.475054],[39.60144,24.475163],[39.601552,24.475269],[39.601669,24.475269],[39.601673,24.475271],[39.601673,24.47538],[39.601673,24.475488],[39.601786,24.475555],[39.601904,24.475555],[39.602021,24.475553],[39.602138,24.475553],[39.602255,24.475553],[39.602372,24.475547],[39.60249,24.475547],[39.602607,24.475564],[39.602724,24.475564],[39.602841,24.475559],[39.602958,24.475559],[39.603076,24.475559],[39.603193,24.475488],[39.603193,24.47538],[39.603193,24.475271],[39.603193,24.475271],[39.60331,24.475271],[39.603427,24.475266],[39.603544,24.475266],[39.603661,24.475266],[39.603667,24.475271],[39.603667,24.47538],[39.603667,24.475488],[39.603721,24.475597],[39.603721,24.475705],[39.603736,24.475814],[39.603736,24.475922],[39.603736,24.476031],[39.603661,24.47613],[39.603544,24.47613],[39.603427,24.47613],[39.603408,24.476139],[39.603408,24.476248],[39.60331,24.476283],[39.603193,24.476283],[39.603076,24.476322],[39.602958,24.476322],[39.602841,24.476322],[39.602724,24.476339],[39.602607,24.476339],[39.60249,24.476316],[39.602372,24.476316],[39.602255,24.476296],[39.602138,24.476296],[39.602021,24.476296],[39.601904,24.4763],[39.601786,24.4763],[39.601669,24.476248],[39.601552,24.476248],[39.601551,24.476248],[39.601551,24.476139],[39.601435,24.476069],[39.601318,24.476069],[39.601201,24.476069],[39.601083,24.476079],[39.600966,24.476079],[39.600849,24.476086],[39.600732,24.476086],[39.600615,24.476086],[39.600497,24.476081],[39.60038,24.476081],[39.600263,24.476093],[39.600146,24.476093],[39.600089,24.476139],[39.600089,24.476248],[39.600049,24.476356],[39.600049,24.476465],[39.600049,24.476573],[39.600106,24.476682],[39.600106,24.47679],[39.600146,24.476846],[39.600263,24.476846],[39.600297,24.476899],[39.600297,24.477007],[39.600297,24.477116],[39.600321,24.477224],[39.600321,24.477333],[39.600321,24.477441],[39.60031,24.47755],[39.60031,24.477658],[39.60038,24.47768],[39.600497,24.47768],[39.600615,24.477718],[39.600732,24.477718],[39.600849,24.477718],[39.600952,24.477767],[39.600952,24.477875],[39.600952,24.477984],[39.600966,24.477992],[39.601083,24.477992],[39.601201,24.478076],[39.601318,24.478076],[39.601435,24.478076],[39.601455,24.478092],[39.601455,24.478201],[39.601552,24.478298],[39.601669,24.478298],[39.601678,24.478309],[39.601678,24.478418],[39.601678,24.478526],[39.601669,24.478565],[39.601552,24.478565],[39.601521,24.478635],[39.601521,24.478743],[39.601435,24.478772],[39.601318,24.478772],[39.601201,24.478772],[39.601083,24.478792],[39.600966,24.478792],[39.600849,24.478784],[39.600732,24.478784],[39.600615,24.478784],[39.600497,24.478763],[39.60038,24.478763],[39.600341,24.478743],[39.600341,24.478635],[39.600263,24.478582],[39.600146,24.478582],[39.600029,24.478542],[39.599911,24.478542],[39.599794,24.478542],[39.599677,24.478604],[39.59956,24.478604],[39.599506,24.478635],[39.599506,24.478743],[39.599443,24.478792],[39.599326,24.478792],[39.599225,24.478852],[39.599225,24.47896],[39.599225,24.479069],[39.599208,24.479078],[39.599091,24.479078],[39.598974,24.479078],[39.598857,24.479079],[39.59874,24.479079],[39.598622,24.479085],[39.598505,24.479085],[39.598388,24.479112],[39.598271,24.479112],[39.598154,24.479112],[39.598036,24.479114],[39.597919,24.479114],[39.597899,24.479069],[39.597899,24.47896],[39.597899,24.478852],[39.597919,24.478773],[39.598036,24.478773],[39.598041,24.478743],[39.598041,24.478635],[39.598036,24.478623],[39.597919,24.478623],[39.597802,24.47854],[39.597685,24.47854],[39.597568,24.47854],[39.597451,24.478568],[39.597333,24.478568],[39.597216,24.478591],[39.597099,24.478591],[39.596982,24.478581],[39.596865,24.478581],[39.596747,24.478581],[39.596715,24.478526],[39.596715,24.478418],[39.596715,24.478309],[39.596656,24.478201],[39.596656,24.478092],[39.59663,24.478048],[39.596513,24.478048],[39.596476,24.477984],[39.596476,24.477875],[39.596476,24.477767],[39.596513,24.477689],[39.59663,24.477689],[39.596643,24.477658],[39.596643,24.47755],[39.596736,24.477441],[39.596736,24.477333],[39.596736,24.477224],[39.596747,24.477215],[39.596865,24.477215],[39.596982,24.477215],[39.597099,24.477122],[39.597216,24.477122],[39.597224,24.477116],[39.597224,24.477007],[39.597224,24.476899],[39.597333,24.476816],[39.597451,24.476816],[39.597484,24.47679],[39.597484,24.476682],[39.597568,24.476584],[39.597685,24.476584],[39.597802,24.476584],[39.597811,24.476573],[39.597811,24.476465],[39.597811,24.476356],[39.597802,24.476347],[39.597685,24.476347],[39.597568,24.476347],[39.597464,24.476248],[39.597464,24.476139],[39.597451,24.476115],[39.597333,24.476115],[39.59728,24.476031],[39.59728,24.475922],[39.59728,24.475814],[39.597216,24.475766],[39.597099,24.475766],[39.596982,24.475728],[39.596865,24.475728],[39.596747,24.475728],[39.59663,24.475746],[39.596513,24.475746],[39.59647,24.475705],[39.59647,24.475597],[39.59649,24.475488],[39.59649,24.47538],[39.59649,24.475271],[39.596513,24.475265],[39.59663,24.475265],[39.596747,24.475187],[39.596865,24.475187],[39.596982,24.475187],[39.597052,24.475163],[39.597052,24.475054],[39.597099,24.475041],[39.597216,24.475041],[39.59727,24.474946],[39.59727,24.474837],[39.59727,24.474729],[39.597311,24.47462],[39.597311,24.474512],[39.597311,24.474403],[39.597333,24.474394],[39.597451,24.474394],[39.59747,24.474403],[39.59747,24.474512],[39.59747,24.47462],[39.597568,24.474706],[39.597685,24.474706],[39.597802,24.474706],[39.597818,24.474729],[39.597818,24.474837],[39.597818,24.474946],[39.597888,24.475054],[39.597888,24.475163],[39.597919,24.475201],[39.598036,24.475201],[39.598109,24.475271],[39.598109,24.47538],[39.598109,24.475488],[39.598154,24.475517],[39.598271,24.475517],[39.598388,24.475517],[39.598505,24.475515],[39.598622,24.475515],[39.598658,24.475488],[39.598658,24.47538],[39.598658,24.475271],[39.598666,24.475163],[39.598666,24.475054],[39.598701,24.474946],[39.598701,24.474837],[39.598701,24.474729],[39.59874,24.474694],[39.598857,24.474694],[39.598974,24.474644],[39.599091,24.474644],[39.599208,24.474644],[39.599259,24.47462],[39.599259,24.474512],[39.599259,24.474403],[39.599301,24.474295],[39.599301,24.474186],[39.599308,24.474078],[39.599308,24.473969],[39.599308,24.473861],[39.599326,24.473859],[39.599443,24.473859],[39.59956,24.473792],[39.599677,24.473792],[39.599703,24.473752],[39.599703,24.473644],[39.599749,24.473535],[39.599749,24.473427],[39.599749,24.473318],[39.599755,24.47321],[39.599755,24.473101],[39.599677,24.473022],[39.59956,24.473022],[39.599518,24.472993],[39.599518,24.472884],[39.599518,24.472776],[39.599443,24.472742],[39.599326,24.472742],[39.599219,24.472667],[39.599219,24.472559],[39.599219,24.47245],[39.599208,24.472434],[39.599091,24.472434],[39.598974,24.472434],[39.598917,24.472342],[39.598917,24.472233],[39.598857,24.472167],[39.59874,24.472167],[39.598695,24.472125],[39.598695,24.472016],[39.598695,24.471908],[39.59874,24.47185],[39.598857,24.47185],[39.598974,24.471828],[39.599091,24.471828],[39.599208,24.471828],[39.599326,24.471868],[39.599443,24.471868],[39.599502,24.471799],[39.599502,24.471691],[39.59956,24.47166],[39.599677,24.47166],[39.59976,24.471582],[39.59976,24.471474],[39.59976,24.471365],[39.599794,24.471344],[39.599911,24.471344],[39.600029,24.471344],[39.600146,24.4713],[39.600263,24.4713],[39.600372,24.471257],[39.600372,24.471148],[39.60038,24.471143],[39.600497,24.471143],[39.600615,24.471145],[39.600732,24.471145],[39.600849,24.471145],[39.600966,24.471129],[39.601083,24.471129],[39.601087,24.471148]]]]}},{"type":"Feature","properties":{"elev_absolute":633,"min_height":18,"height":21},"geometry":{"type":"MultiPolygon","coordinates":[[[[39.602288,24.471365],[39.602288,24.471474],[39.602288,24.471582],[39.602372,24.471614],[39.60249,24.471614],[39.602573,24.471691],[39.602573,24.471799],[39.602571,24.471908],[39.602571,24.472016],[39.602571,24.472125],[39.602607,24.472233],[39.602724,24.472233],[39.602724,24.472233],[39.602724,24.472342],[39.602803,24.47245],[39.602803,24.472559],[39.602803,24.472667],[39.602796,24.472776],[39.602796,24.472884],[39.602796,24.472993],[39.602724,24.473081],[39.602607,24.473081],[39.602587,24.473101],[39.602587,24.47321],[39.602505,24.473318],[39.602505,24.473427],[39.602505,24.473535],[39.60249,24.473546],[39.602372,24.473546],[39.602255,24.473587],[39.602138,24.473587],[39.602021,24.473587],[39.601904,24.473618],[39.601786,24.473618],[39.601709,24.473644],[39.601709,24.473752],[39.601669,24.47379],[39.601552,24.47379],[39.601518,24.473861],[39.601518,24.473969],[39.601518,24.474078],[39.601538,24.474186],[39.601538,24.474295],[39.601452,24.474403],[39.601452,24.474512],[39.601452,24.47462],[39.601435,24.474635],[39.601318,24.474635],[39.601201,24.474635],[39.601105,24.474729],[39.601105,24.474837],[39.601105,24.474946],[39.601171,24.475054],[39.601171,24.475163],[39.601201,24.475202],[39.601318,24.475202],[39.601435,24.475202],[39.601506,24.475271],[39.601506,24.47538],[39.601506,24.475488],[39.601552,24.475529],[39.601669,24.475529],[39.601786,24.475588],[39.601904,24.475588],[39.602021,24.475578],[39.602138,24.475578],[39.602255,24.475578],[39.602372,24.47557],[39.60249,24.47557],[39.602607,24.475592],[39.602724,24.475592],[39.602841,24.475594],[39.602958,24.475594],[39.603076,24.475594],[39.603193,24.475529],[39.60331,24.475529],[39.603427,24.475523],[39.603544,24.475523],[39.603661,24.475523],[39.603699,24.475597],[39.603699,24.475705],[39.603714,24.475814],[39.603714,24.475922],[39.603714,24.476031],[39.603661,24.476101],[39.603544,24.476101],[39.603427,24.476101],[39.603348,24.476139],[39.603348,24.476248],[39.60331,24.476261],[39.603193,24.476261],[39.603076,24.476303],[39.602958,24.476303],[39.602841,24.476303],[39.602724,24.47632],[39.602607,24.47632],[39.60249,24.476295],[39.602372,24.476295],[39.602255,24.476276],[39.602138,24.476276],[39.602021,24.476276],[39.601904,24.476281],[39.601786,24.476281],[39.601711,24.476248],[39.601711,24.476139],[39.601669,24.476099],[39.601552,24.476099],[39.601435,24.47604],[39.601318,24.47604],[39.601201,24.47604],[39.601083,24.476056],[39.600966,24.476056],[39.600849,24.476063],[39.600732,24.476063],[39.600615,24.476063],[39.600497,24.476056],[39.60038,24.476056],[39.600263,24.476066],[39.600146,24.476066],[39.600055,24.476139],[39.600055,24.476248],[39.600029,24.476318],[39.599911,24.476318],[39.599794,24.476318],[39.599782,24.476356],[39.599782,24.476465],[39.599782,24.476573],[39.599794,24.476602],[39.599911,24.476602],[39.600029,24.476602],[39.600071,24.476682],[39.600071,24.47679],[39.600146,24.476896],[39.600263,24.476896],[39.600265,24.476899],[39.600265,24.477007],[39.600265,24.477116],[39.600286,24.477224],[39.600286,24.477333],[39.600286,24.477441],[39.600263,24.477518],[39.600146,24.477518],[39.600135,24.47755],[39.600135,24.477658],[39.600146,24.477666],[39.600263,24.477666],[39.60038,24.477699],[39.600497,24.477699],[39.600615,24.47774],[39.600732,24.47774],[39.600849,24.47774],[39.600906,24.477767],[39.600906,24.477875],[39.600906,24.477984],[39.600966,24.478017],[39.601083,24.478017],[39.601183,24.478092],[39.601183,24.478201],[39.601201,24.478221],[39.601318,24.478221],[39.601435,24.478221],[39.601523,24.478309],[39.601523,24.478418],[39.601523,24.478526],[39.601457,24.478635],[39.601457,24.478743],[39.601435,24.478751],[39.601318,24.478751],[39.601201,24.478751],[39.601083,24.478771],[39.600966,24.478771],[39.600849,24.478766],[39.600732,24.478766],[39.600615,24.478766],[39.600497,24.478745],[39.60038,24.478745],[39.600376,24.478743],[39.600376,24.478635],[39.600263,24.478558],[39.600146,24.478558],[39.600052,24.478526],[39.600052,24.478418],[39.600052,24.478309],[39.600029,24.4783],[39.599911,24.4783],[39.599794,24.4783],[39.599782,24.478309],[39.599782,24.478418],[39.599782,24.478526],[39.599677,24.478583],[39.59956,24.478583],[39.599469,24.478635],[39.599469,24.478743],[39.599443,24.478764],[39.599326,24.478764],[39.599208,24.47883],[39.599091,24.47883],[39.598974,24.47883],[39.598857,24.478842],[39.59874,24.478842],[39.598622,24.478848],[39.598505,24.478848],[39.598464,24.478852],[39.598464,24.47896],[39.598464,24.479069],[39.598388,24.479078],[39.598271,24.479078],[39.598154,24.479078],[39.598113,24.479069],[39.598113,24.47896],[39.598113,24.478852],[39.598067,24.478743],[39.598067,24.478635],[39.598036,24.478561],[39.597919,24.478561],[39.597852,24.478526],[39.597852,24.478418],[39.597852,24.478309],[39.597802,24.4783],[39.597685,24.4783],[39.597568,24.4783],[39.597546,24.478309],[39.597546,24.478418],[39.597546,24.478526],[39.597451,24.478553],[39.597333,24.478553],[39.597216,24.478574],[39.597099,24.478574],[39.596982,24.478534],[39.596865,24.478534],[39.596747,24.478534],[39.596743,24.478526],[39.596743,24.478418],[39.596743,24.478309],[39.596687,24.478201],[39.596687,24.478092],[39.59663,24.477995],[39.596513,24.477995],[39.596507,24.477984],[39.596507,24.477875],[39.596507,24.477767],[39.596513,24.477753],[39.59663,24.477753],[39.596669,24.477658],[39.596669,24.47755],[39.596747,24.47746],[39.596865,24.47746],[39.596982,24.47746],[39.597001,24.477441],[39.597001,24.477333],[39.597001,24.477224],[39.597099,24.477146],[39.597216,24.477146],[39.597259,24.477116],[39.597259,24.477007],[39.597259,24.476899],[39.597333,24.476843],[39.597451,24.476843],[39.597519,24.47679],[39.597519,24.476682],[39.597568,24.476625],[39.597685,24.476625],[39.597802,24.476625],[39.597846,24.476573],[39.597846,24.476465],[39.597846,24.476356],[39.597802,24.476312],[39.597685,24.476312],[39.597568,24.476312],[39.5975,24.476248],[39.5975,24.476139],[39.597451,24.476045],[39.597333,24.476045],[39.597324,24.476031],[39.597324,24.475922],[39.597324,24.475814],[39.597216,24.475733],[39.597099,24.475733],[39.597023,24.475705],[39.597023,24.475597],[39.596982,24.475541],[39.596865,24.475541],[39.596747,24.475541],[39.596709,24.475488],[39.596709,24.47538],[39.596709,24.475271],[39.596747,24.475246],[39.596865,24.475246],[39.596982,24.475246],[39.597099,24.475188],[39.597216,24.475188],[39.597249,24.475163],[39.597249,24.475054],[39.597298,24.474946],[39.597298,24.474837],[39.597298,24.474729],[39.597333,24.474656],[39.597451,24.474656],[39.597536,24.474729],[39.597536,24.474837],[39.597536,24.474946],[39.597568,24.474966],[39.597685,24.474966],[39.597802,24.474966],[39.597859,24.475054],[39.597859,24.475163],[39.597919,24.475237],[39.598036,24.475237],[39.598072,24.475271],[39.598072,24.47538],[39.598072,24.475488],[39.598154,24.475541],[39.598271,24.475541],[39.598388,24.475541],[39.598505,24.475542],[39.598622,24.475542],[39.598695,24.475488],[39.598695,24.47538],[39.598695,24.475271],[39.598689,24.475163],[39.598689,24.475054],[39.598732,24.474946],[39.598732,24.474837],[39.598732,24.474729],[39.59874,24.474722],[39.598857,24.474722],[39.598974,24.474666],[39.599091,24.474666],[39.599208,24.474666],[39.599308,24.47462],[39.599308,24.474512],[39.599308,24.474403],[39.599326,24.474345],[39.599443,24.474345],[39.599454,24.474295],[39.599454,24.474186],[39.59956,24.47408],[39.599677,24.47408],[39.599682,24.474078],[39.599682,24.473969],[39.599682,24.473861],[39.599752,24.473752],[39.599752,24.473644],[39.599786,24.473535],[39.599786,24.473427],[39.599786,24.473318],[39.599793,24.47321],[39.599793,24.473101],[39.599696,24.472993],[39.599696,24.472884],[39.599696,24.472776],[39.599677,24.472763],[39.59956,24.472763],[39.599443,24.472716],[39.599326,24.472716],[39.599255,24.472667],[39.599255,24.472559],[39.599255,24.47245],[39.599208,24.472378],[39.599091,24.472378],[39.598974,24.472378],[39.598952,24.472342],[39.598952,24.472233],[39.598857,24.472129],[39.59874,24.472129],[39.598735,24.472125],[39.598735,24.472016],[39.598735,24.471908],[39.59874,24.471902],[39.598857,24.471902],[39.598974,24.471879],[39.599091,24.471879],[39.599208,24.471879],[39.599276,24.471908],[39.599276,24.472016],[39.599276,24.472125],[39.599326,24.472144],[39.599443,24.472144],[39.59956,24.472136],[39.599677,24.472136],[39.599685,24.472125],[39.599685,24.472016],[39.599685,24.471908],[39.599679,24.471799],[39.599679,24.471691],[39.599794,24.471582],[39.599794,24.471474],[39.599794,24.471365],[39.599794,24.471365],[39.599911,24.471365],[39.600029,24.471365],[39.600146,24.47133],[39.600263,24.47133],[39.600363,24.471365],[39.600363,24.471474],[39.600363,24.471582],[39.60038,24.471593],[39.600497,24.471593],[39.600562,24.471691],[39.600562,24.471799],[39.600615,24.471855],[39.600732,24.471855],[39.600849,24.471855],[39.600941,24.471908],[39.600941,24.472016],[39.600941,24.472125],[39.600966,24.472177],[39.601083,24.472177],[39.601128,24.472125],[39.601128,24.472016],[39.601128,24.471908],[39.601184,24.471799],[39.601184,24.471691],[39.601201,24.471681],[39.601318,24.471681],[39.601435,24.471681],[39.601552,24.471637],[39.601669,24.471637],[39.601786,24.471592],[39.601904,24.471592],[39.601955,24.471582],[39.601955,24.471474],[39.601955,24.471365],[39.602021,24.471354],[39.602138,24.471354],[39.602255,24.471354],[39.602288,24.471365]]]]}},{"type":"Feature","properties":{"elev_absolute":636,"min_height":21,"height":24},"geometry":{"type":"MultiPolygon","coordinates":[[[[39.60028,24.471365],[39.60028,24.471474],[39.60028,24.471582],[39.60038,24.471646],[39.600497,24.471646],[39.600527,24.471691],[39.600527,24.471799],[39.600615,24.471892],[39.600732,24.471892],[39.600849,24.471892],[39.600876,24.471908],[39.600876,24.472016],[39.600876,24.472125],[39.60092,24.472233],[39.60092,24.472342],[39.600966,24.472378],[39.601083,24.472378],[39.601201,24.472361],[39.601318,24.472361],[39.601435,24.472361],[39.601452,24.472342],[39.601452,24.472233],[39.601471,24.472125],[39.601471,24.472016],[39.601471,24.471908],[39.601502,24.471799],[39.601502,24.471691],[39.601552,24.471671],[39.601669,24.471671],[39.601786,24.471623],[39.601904,24.471623],[39.602021,24.471601],[39.602138,24.471601],[39.602255,24.471601],[39.602372,24.471646],[39.60249,24.471646],[39.602539,24.471691],[39.602539,24.471799],[39.602541,24.471908],[39.602541,24.472016],[39.602541,24.472125],[39.602571,24.472233],[39.602571,24.472342],[39.602607,24.47238],[39.602724,24.47238],[39.602776,24.47245],[39.602776,24.472559],[39.602776,24.472667],[39.602761,24.472776],[39.602761,24.472884],[39.602761,24.472993],[39.602724,24.473039],[39.602607,24.473039],[39.602546,24.473101],[39.602546,24.47321],[39.60249,24.473285],[39.602372,24.473285],[39.60233,24.473318],[39.60233,24.473427],[39.60233,24.473535],[39.602255,24.473562],[39.602138,24.473562],[39.602021,24.473562],[39.601904,24.473598],[39.601786,24.473598],[39.601669,24.473634],[39.601552,24.473634],[39.60153,24.473644],[39.60153,24.473752],[39.601488,24.473861],[39.601488,24.473969],[39.601488,24.474078],[39.6015,24.474186],[39.6015,24.474295],[39.601435,24.474374],[39.601318,24.474374],[39.601201,24.474374],[39.601164,24.474403],[39.601164,24.474512],[39.601164,24.47462],[39.601083,24.474701],[39.600966,24.474701],[39.600954,24.474729],[39.600954,24.474837],[39.600954,24.474946],[39.600966,24.474972],[39.601083,24.474972],[39.601135,24.475054],[39.601135,24.475163],[39.601201,24.475249],[39.601318,24.475249],[39.601435,24.475249],[39.601458,24.475271],[39.601458,24.47538],[39.601458,24.475488],[39.601552,24.475573],[39.601669,24.475573],[39.601719,24.475597],[39.601719,24.475705],[39.601786,24.475725],[39.601904,24.475725],[39.602021,24.475712],[39.602138,24.475712],[39.602255,24.475712],[39.602334,24.475705],[39.602334,24.475597],[39.602372,24.475594],[39.60249,24.475594],[39.602507,24.475597],[39.602507,24.475705],[39.602607,24.475725],[39.602724,24.475725],[39.602841,24.475732],[39.602958,24.475732],[39.603076,24.475732],[39.603143,24.475705],[39.603143,24.475597],[39.603193,24.475569],[39.60331,24.475569],[39.603427,24.475565],[39.603544,24.475565],[39.603661,24.475565],[39.603678,24.475597],[39.603678,24.475705],[39.603692,24.475814],[39.603692,24.475922],[39.603692,24.476031],[39.603661,24.476071],[39.603544,24.476071],[39.603427,24.476071],[39.60331,24.476126],[39.603193,24.476126],[39.603173,24.476139],[39.603173,24.476248],[39.603076,24.476283],[39.602958,24.476283],[39.602841,24.476283],[39.602724,24.476301],[39.602607,24.476301],[39.60249,24.476274],[39.602372,24.476274],[39.602255,24.476256],[39.602138,24.476256],[39.602021,24.476256],[39.601904,24.476263],[39.601786,24.476263],[39.601753,24.476248],[39.601753,24.476139],[39.601669,24.476057],[39.601552,24.476057],[39.601496,24.476031],[39.601496,24.475922],[39.601496,24.475814],[39.601435,24.475792],[39.601318,24.475792],[39.601201,24.475792],[39.601099,24.475814],[39.601099,24.475922],[39.601099,24.476031],[39.601083,24.476033],[39.600966,24.476033],[39.600849,24.476041],[39.600732,24.476041],[39.600615,24.476041],[39.600497,24.476032],[39.60038,24.476032],[39.600263,24.476039],[39.600146,24.476039],[39.600029,24.476131],[39.599911,24.476131],[39.599794,24.476131],[39.599789,24.476139],[39.599789,24.476248],[39.599754,24.476356],[39.599754,24.476465],[39.599754,24.476573],[39.599794,24.476669],[39.599911,24.476669],[39.600029,24.476669],[39.600035,24.476682],[39.600035,24.47679],[39.600117,24.476899],[39.600117,24.477007],[39.600117,24.477116],[39.600134,24.477224],[39.600134,24.477333],[39.600134,24.477441],[39.600094,24.47755],[39.600094,24.477658],[39.600146,24.477693],[39.600263,24.477693],[39.60038,24.477719],[39.600497,24.477719],[39.600615,24.477761],[39.600732,24.477761],[39.600849,24.477761],[39.60086,24.477767],[39.60086,24.477875],[39.60086,24.477984],[39.600966,24.478043],[39.601083,24.478043],[39.601149,24.478092],[39.601149,24.478201],[39.601201,24.478261],[39.601318,24.478261],[39.601435,24.478261],[39.601483,24.478309],[39.601483,24.478418],[39.601483,24.478526],[39.601435,24.478597],[39.601318,24.478597],[39.601201,24.478597],[39.601124,24.478635],[39.601124,24.478743],[39.601083,24.47875],[39.600966,24.47875],[39.600849,24.478749],[39.600732,24.478749],[39.600615,24.478749],[39.600584,24.478743],[39.600584,24.478635],[39.600497,24.478619],[39.60038,24.478619],[39.600263,24.478534],[39.600146,24.478534],[39.600123,24.478526],[39.600123,24.478418],[39.600123,24.478309],[39.600029,24.478274],[39.599911,24.478274],[39.599794,24.478274],[39.599744,24.478309],[39.599744,24.478418],[39.599744,24.478526],[39.599677,24.478562],[39.59956,24.478562],[39.599443,24.478628],[39.599326,24.478628],[39.599309,24.478635],[39.599309,24.478743],[39.599208,24.478797],[39.599091,24.478797],[39.598974,24.478797],[39.598857,24.478822],[39.59874,24.478822],[39.598622,24.478825],[39.598505,24.478825],[39.598388,24.478826],[39.598271,24.478826],[39.598154,24.478826],[39.598093,24.478743],[39.598093,24.478635],[39.598053,24.478526],[39.598053,24.478418],[39.598053,24.478309],[39.598036,24.47829],[39.597919,24.47829],[39.597802,24.478279],[39.597685,24.478279],[39.597568,24.478279],[39.59749,24.478309],[39.59749,24.478418],[39.59749,24.478526],[39.597451,24.478537],[39.597333,24.478537],[39.597216,24.478556],[39.597099,24.478556],[39.597021,24.478526],[39.597021,24.478418],[39.597021,24.478309],[39.596982,24.478258],[39.596865,24.478258],[39.596747,24.478258],[39.596718,24.478201],[39.596718,24.478092],[39.596651,24.477984],[39.596651,24.477875],[39.596651,24.477767],[39.596695,24.477658],[39.596695,24.47755],[39.596747,24.47749],[39.596865,24.47749],[39.596982,24.47749],[39.597031,24.477441],[39.597031,24.477333],[39.597031,24.477224],[39.597099,24.47717],[39.597216,24.47717],[39.597294,24.477116],[39.597294,24.477007],[39.597294,24.476899],[39.597333,24.476869],[39.597451,24.476869],[39.597554,24.47679],[39.597554,24.476682],[39.597568,24.476666],[39.597685,24.476666],[39.597802,24.476666],[39.597881,24.476573],[39.597881,24.476465],[39.597881,24.476356],[39.597802,24.476277],[39.597685,24.476277],[39.597568,24.476277],[39.597537,24.476248],[39.597537,24.476139],[39.597478,24.476031],[39.597478,24.475922],[39.597478,24.475814],[39.597451,24.475786],[39.597333,24.475786],[39.597223,24.475705],[39.597223,24.475597],[39.597216,24.475587],[39.597099,24.475587],[39.597015,24.475488],[39.597015,24.47538],[39.597015,24.475271],[39.597099,24.475222],[39.597216,24.475222],[39.597295,24.475163],[39.597295,24.475054],[39.597326,24.474946],[39.597326,24.474837],[39.597326,24.474729],[39.597333,24.474714],[39.597451,24.474714],[39.597467,24.474729],[39.597467,24.474837],[39.597467,24.474946],[39.597568,24.47501],[39.597685,24.47501],[39.597802,24.47501],[39.597831,24.475054],[39.597831,24.475163],[39.597919,24.475271],[39.597919,24.47538],[39.597919,24.475488],[39.597919,24.475489],[39.598036,24.475489],[39.598154,24.475564],[39.598271,24.475564],[39.598388,24.475564],[39.598505,24.475569],[39.598622,24.475569],[39.598731,24.475488],[39.598731,24.47538],[39.598731,24.475271],[39.598711,24.475163],[39.598711,24.475054],[39.59874,24.474987],[39.598857,24.474987],[39.598892,24.474946],[39.598892,24.474837],[39.598892,24.474729],[39.598974,24.474688],[39.599091,24.474688],[39.599208,24.474688],[39.599326,24.474635],[39.599443,24.474635],[39.599462,24.47462],[39.599462,24.474512],[39.599462,24.474403],[39.599488,24.474295],[39.599488,24.474186],[39.59956,24.474115],[39.599677,24.474115],[39.599751,24.474078],[39.599751,24.473969],[39.599751,24.473861],[39.599794,24.473771],[39.599911,24.473771],[39.600029,24.473771],[39.600041,24.473752],[39.600041,24.473644],[39.600091,24.473535],[39.600091,24.473427],[39.600091,24.473318],[39.600083,24.47321],[39.600083,24.473101],[39.600029,24.47302],[39.599911,24.47302],[39.599794,24.47302],[39.59977,24.472993],[39.59977,24.472884],[39.59977,24.472776],[39.599677,24.472713],[39.59956,24.472713],[39.599443,24.47269],[39.599326,24.47269],[39.599292,24.472667],[39.599292,24.472559],[39.599292,24.47245],[39.59924,24.472342],[39.59924,24.472233],[39.599326,24.472189],[39.599443,24.472189],[39.59956,24.47223],[39.599677,24.47223],[39.599757,24.472125],[39.599757,24.472016],[39.599757,24.471908],[39.599732,24.471799],[39.599732,24.471691],[39.599794,24.471632],[39.599911,24.471632],[39.600029,24.471632],[39.600126,24.471582],[39.600126,24.471474],[39.600126,24.471365],[39.600146,24.471359],[39.600263,24.471359],[39.60028,24.471365]]]]}},{"type":"Feature","properties":{"elev_absolute":639,"min_height":24,"height":27},"geometry":{"type":"MultiPolygon","coordinates":[[[[39.60367,24.475814],[39.60367,24.475922],[39.60367,24.476031],[39.603661,24.476042],[39.603544,24.476042],[39.603427,24.476042],[39.60331,24.476089],[39.603193,24.476089],[39.60312,24.476139],[39.60312,24.476248],[39.603076,24.476264],[39.602958,24.476264],[39.602841,24.476264],[39.602724,24.476283],[39.602607,24.476283],[39.60249,24.476254],[39.602372,24.476254],[39.602334,24.476248],[39.602334,24.476139],[39.602255,24.476122],[39.602138,24.476122],[39.602021,24.476122],[39.601904,24.47613],[39.601786,24.47613],[39.601685,24.476031],[39.601685,24.475922],[39.601685,24.475814],[39.601786,24.475752],[39.601904,24.475752],[39.602021,24.475738],[39.602138,24.475738],[39.602255,24.475738],[39.602372,24.475729],[39.60249,24.475729],[39.602607,24.47575],[39.602724,24.47575],[39.602841,24.475762],[39.602958,24.475762],[39.603076,24.475762],[39.603193,24.475723],[39.60331,24.475723],[39.603427,24.475749],[39.603544,24.475749],[39.603661,24.475749],[39.60367,24.475814]]],[[[39.602504,24.471691],[39.602504,24.471799],[39.602511,24.471908],[39.602511,24.472016],[39.602511,24.472125],[39.602535,24.472233],[39.602535,24.472342],[39.602607,24.472418],[39.602724,24.472418],[39.602748,24.47245],[39.602748,24.472559],[39.602748,24.472667],[39.602727,24.472776],[39.602727,24.472884],[39.602727,24.472993],[39.602724,24.472996],[39.602607,24.472996],[39.602504,24.473101],[39.602504,24.47321],[39.60249,24.473229],[39.602372,24.473229],[39.602258,24.473318],[39.602258,24.473427],[39.602258,24.473535],[39.602255,24.473536],[39.602138,24.473536],[39.602021,24.473536],[39.601904,24.473577],[39.601786,24.473577],[39.601669,24.473609],[39.601552,24.473609],[39.601472,24.473644],[39.601472,24.473752],[39.601459,24.473861],[39.601459,24.473969],[39.601459,24.474078],[39.601462,24.474186],[39.601462,24.474295],[39.601435,24.474328],[39.601318,24.474328],[39.601201,24.474328],[39.601106,24.474403],[39.601106,24.474512],[39.601106,24.47462],[39.601083,24.474643],[39.600966,24.474643],[39.600927,24.474729],[39.600927,24.474837],[39.600927,24.474946],[39.600966,24.475028],[39.601083,24.475028],[39.6011,24.475054],[39.6011,24.475163],[39.601184,24.475271],[39.601184,24.47538],[39.601184,24.475488],[39.601201,24.475513],[39.601318,24.475513],[39.601435,24.475513],[39.601528,24.475597],[39.601528,24.475705],[39.601435,24.475761],[39.601318,24.475761],[39.601201,24.475761],[39.601083,24.475793],[39.600966,24.475793],[39.600849,24.475801],[39.600732,24.475801],[39.600615,24.475801],[39.600497,24.475791],[39.60038,24.475791],[39.600263,24.475798],[39.600146,24.475798],[39.600108,24.475814],[39.600108,24.475922],[39.600108,24.476031],[39.600029,24.47609],[39.599911,24.47609],[39.599794,24.47609],[39.599765,24.476139],[39.599765,24.476248],[39.599725,24.476356],[39.599725,24.476465],[39.599725,24.476573],[39.599766,24.476682],[39.599766,24.47679],[39.599794,24.476823],[39.599911,24.476823],[39.600029,24.476823],[39.600087,24.476899],[39.600087,24.477007],[39.600087,24.477116],[39.600102,24.477224],[39.600102,24.477333],[39.600102,24.477441],[39.600053,24.47755],[39.600053,24.477658],[39.600146,24.47772],[39.600263,24.47772],[39.60038,24.477739],[39.600497,24.477739],[39.600574,24.477767],[39.600574,24.477875],[39.600574,24.477984],[39.600615,24.478],[39.600732,24.478],[39.600849,24.478],[39.600966,24.478068],[39.601083,24.478068],[39.601115,24.478092],[39.601115,24.478201],[39.601201,24.4783],[39.601318,24.4783],[39.601435,24.4783],[39.601444,24.478309],[39.601444,24.478418],[39.601444,24.478526],[39.601435,24.478539],[39.601318,24.478539],[39.601201,24.478539],[39.601083,24.478618],[39.600966,24.478618],[39.600849,24.478625],[39.600732,24.478625],[39.600615,24.478625],[39.600497,24.478601],[39.60038,24.478601],[39.600279,24.478526],[39.600279,24.478418],[39.600279,24.478309],[39.600263,24.478292],[39.600146,24.478292],[39.600029,24.478247],[39.599911,24.478247],[39.599794,24.478247],[39.599706,24.478309],[39.599706,24.478418],[39.599706,24.478526],[39.599677,24.478542],[39.59956,24.478542],[39.599443,24.478603],[39.599326,24.478603],[39.599248,24.478635],[39.599248,24.478743],[39.599208,24.478764],[39.599091,24.478764],[39.598974,24.478764],[39.598857,24.478801],[39.59874,24.478801],[39.598622,24.478801],[39.598505,24.478801],[39.598388,24.478791],[39.598271,24.478791],[39.598154,24.478791],[39.598118,24.478743],[39.598118,24.478635],[39.598089,24.478526],[39.598089,24.478418],[39.598089,24.478309],[39.598036,24.478248],[39.597919,24.478248],[39.597802,24.478257],[39.597685,24.478257],[39.597568,24.478257],[39.597451,24.478304],[39.597333,24.478304],[39.597299,24.478309],[39.597299,24.478418],[39.597299,24.478526],[39.597216,24.478538],[39.597099,24.478538],[39.597067,24.478526],[39.597067,24.478418],[39.597067,24.478309],[39.596983,24.478201],[39.596983,24.478092],[39.596982,24.47809],[39.596865,24.47809],[39.596747,24.47809],[39.596678,24.477984],[39.596678,24.477875],[39.596678,24.477767],[39.596722,24.477658],[39.596722,24.47755],[39.596747,24.47752],[39.596865,24.47752],[39.596982,24.47752],[39.597062,24.477441],[39.597062,24.477333],[39.597062,24.477224],[39.597099,24.477195],[39.597216,24.477195],[39.597329,24.477116],[39.597329,24.477007],[39.597329,24.476899],[39.597333,24.476896],[39.597451,24.476896],[39.597568,24.476806],[39.597685,24.476806],[39.597802,24.476806],[39.59782,24.47679],[39.59782,24.476682],[39.597916,24.476573],[39.597916,24.476465],[39.597916,24.476356],[39.597807,24.476248],[39.597807,24.476139],[39.597802,24.47613],[39.597685,24.47613],[39.597568,24.47613],[39.597513,24.476031],[39.597513,24.475922],[39.597513,24.475814],[39.597451,24.475751],[39.597333,24.475751],[39.597271,24.475705],[39.597271,24.475597],[39.597216,24.475519],[39.597099,24.475519],[39.597073,24.475488],[39.597073,24.47538],[39.597073,24.475271],[39.597099,24.475256],[39.597216,24.475256],[39.597333,24.475172],[39.597451,24.475172],[39.597568,24.475163],[39.597685,24.475163],[39.597802,24.475163],[39.597887,24.475271],[39.597887,24.47538],[39.597887,24.475488],[39.597919,24.47552],[39.598036,24.47552],[39.598154,24.475588],[39.598271,24.475588],[39.598388,24.475588],[39.598505,24.475597],[39.598622,24.475597],[39.59874,24.475574],[39.598857,24.475574],[39.598875,24.475488],[39.598875,24.47538],[39.598875,24.475271],[39.598857,24.475189],[39.59874,24.475189],[39.598734,24.475163],[39.598734,24.475054],[39.59874,24.475041],[39.598857,24.475041],[39.598937,24.474946],[39.598937,24.474837],[39.598937,24.474729],[39.598974,24.47471],[39.599091,24.47471],[39.599208,24.47471],[39.599326,24.474659],[39.599443,24.474659],[39.599493,24.47462],[39.599493,24.474512],[39.599493,24.474403],[39.599523,24.474295],[39.599523,24.474186],[39.59956,24.474149],[39.599677,24.474149],[39.599794,24.474091],[39.599911,24.474091],[39.600029,24.474091],[39.600044,24.474078],[39.600044,24.473969],[39.600044,24.473861],[39.600132,24.473752],[39.600132,24.473644],[39.600146,24.473609],[39.600263,24.473609],[39.60028,24.473535],[39.60028,24.473427],[39.60028,24.473318],[39.600263,24.473239],[39.600146,24.473239],[39.600139,24.47321],[39.600139,24.473101],[39.600146,24.473065],[39.600263,24.473065],[39.600288,24.472993],[39.600288,24.472884],[39.600288,24.472776],[39.600328,24.472667],[39.600328,24.472559],[39.600328,24.47245],[39.600263,24.472409],[39.600146,24.472409],[39.600069,24.472342],[39.600069,24.472233],[39.600075,24.472125],[39.600075,24.472016],[39.600075,24.471908],[39.600029,24.471826],[39.599911,24.471826],[39.599794,24.471826],[39.599786,24.471799],[39.599786,24.471691],[39.599794,24.471683],[39.599911,24.471683],[39.600029,24.471683],[39.600146,24.471633],[39.600263,24.471633],[39.600362,24.471691],[39.600362,24.471799],[39.60038,24.471813],[39.600497,24.471813],[39.600574,24.471908],[39.600574,24.472016],[39.600574,24.472125],[39.600604,24.472233],[39.600604,24.472342],[39.600615,24.472351],[39.600732,24.472351],[39.600849,24.472351],[39.600966,24.472441],[39.601083,24.472441],[39.601129,24.47245],[39.601129,24.472559],[39.601129,24.472667],[39.601201,24.472694],[39.601318,24.472694],[39.601435,24.472694],[39.601533,24.472667],[39.601533,24.472559],[39.601533,24.47245],[39.601552,24.472398],[39.601669,24.472398],[39.601672,24.472342],[39.601672,24.472233],[39.60168,24.472125],[39.60168,24.472016],[39.60168,24.471908],[39.601702,24.471799],[39.601702,24.471691],[39.601786,24.471655],[39.601904,24.471655],[39.602021,24.471633],[39.602138,24.471633],[39.602255,24.471633],[39.602372,24.471677],[39.60249,24.471677],[39.602504,24.471691]]]]}},{"type":"Feature","properties":{"elev_absolute":642,"min_height":27,"height":30},"geometry":{"type":"MultiPolygon","coordinates":[[[[39.603367,24.475814],[39.603367,24.475922],[39.603367,24.476031],[39.60331,24.476053],[39.603193,24.476053],[39.603076,24.476119],[39.602958,24.476119],[39.602841,24.476119],[39.602823,24.476139],[39.602823,24.476248],[39.602724,24.476264],[39.602607,24.476264],[39.602542,24.476248],[39.602542,24.476139],[39.60249,24.476111],[39.602372,24.476111],[39.602255,24.476091],[39.602138,24.476091],[39.602021,24.476091],[39.601904,24.476088],[39.601786,24.476088],[39.601728,24.476031],[39.601728,24.475922],[39.601728,24.475814],[39.601786,24.475778],[39.601904,24.475778],[39.602021,24.475763],[39.602138,24.475763],[39.602255,24.475763],[39.602372,24.475757],[39.60249,24.475757],[39.602607,24.475775],[39.602724,24.475775],[39.602841,24.475792],[39.602958,24.475792],[39.603076,24.475792],[39.603193,24.47578],[39.60331,24.47578],[39.603367,24.475814]]],[[[39.600505,24.471908],[39.600505,24.472016],[39.600505,24.472125],[39.600497,24.472178],[39.60038,24.472178],[39.600344,24.472125],[39.600344,24.472016],[39.600344,24.471908],[39.60038,24.471898],[39.600497,24.471898],[39.600505,24.471908]]],[[[39.602324,24.471691],[39.602324,24.471799],[39.602359,24.471908],[39.602359,24.472016],[39.602359,24.472125],[39.602372,24.47218],[39.60249,24.47218],[39.602499,24.472233],[39.602499,24.472342],[39.602602,24.47245],[39.602602,24.472559],[39.602602,24.472667],[39.602564,24.472776],[39.602564,24.472884],[39.602564,24.472993],[39.60249,24.473069],[39.602372,24.473069],[39.602342,24.473101],[39.602342,24.47321],[39.602255,24.473281],[39.602138,24.473281],[39.602021,24.473281],[39.601964,24.473318],[39.601964,24.473427],[39.601964,24.473535],[39.601904,24.473556],[39.601786,24.473556],[39.601669,24.473584],[39.601552,24.473584],[39.601435,24.473629],[39.601318,24.473629],[39.601201,24.473629],[39.601179,24.473644],[39.601179,24.473752],[39.601194,24.473861],[39.601194,24.473969],[39.601194,24.474078],[39.601189,24.474186],[39.601189,24.474295],[39.601083,24.474384],[39.600966,24.474384],[39.60095,24.474403],[39.60095,24.474512],[39.60095,24.47462],[39.600901,24.474729],[39.600901,24.474837],[39.600901,24.474946],[39.600942,24.475054],[39.600942,24.475163],[39.600966,24.475184],[39.601083,24.475184],[39.601151,24.475271],[39.601151,24.47538],[39.601151,24.475488],[39.601201,24.47556],[39.601318,24.47556],[39.601435,24.47556],[39.601476,24.475597],[39.601476,24.475705],[39.601435,24.47573],[39.601318,24.47573],[39.601201,24.47573],[39.601083,24.47577],[39.600966,24.47577],[39.600849,24.475778],[39.600732,24.475778],[39.600615,24.475778],[39.600497,24.475767],[39.60038,24.475767],[39.600263,24.475776],[39.600146,24.475776],[39.600053,24.475814],[39.600053,24.475922],[39.600053,24.476031],[39.600029,24.476049],[39.599911,24.476049],[39.599794,24.476049],[39.599741,24.476139],[39.599741,24.476248],[39.599697,24.476356],[39.599697,24.476465],[39.599697,24.476573],[39.599732,24.476682],[39.599732,24.47679],[39.599794,24.476862],[39.599911,24.476862],[39.600029,24.476862],[39.600056,24.476899],[39.600056,24.477007],[39.600056,24.477116],[39.60007,24.477224],[39.60007,24.477333],[39.60007,24.477441],[39.600029,24.477524],[39.599911,24.477524],[39.599794,24.477524],[39.59978,24.47755],[39.59978,24.477658],[39.599794,24.477691],[39.599911,24.477691],[39.600029,24.477691],[39.600146,24.477748],[39.600263,24.477748],[39.60038,24.477758],[39.600497,24.477758],[39.600521,24.477767],[39.600521,24.477875],[39.600521,24.477984],[39.600615,24.478022],[39.600732,24.478022],[39.600849,24.478022],[39.600964,24.478092],[39.600964,24.478201],[39.600966,24.478203],[39.601083,24.478203],[39.601174,24.478309],[39.601174,24.478418],[39.601174,24.478526],[39.601083,24.478594],[39.600966,24.478594],[39.600849,24.478611],[39.600732,24.478611],[39.600615,24.478611],[39.600497,24.478584],[39.60038,24.478584],[39.600303,24.478526],[39.600303,24.478418],[39.600303,24.478309],[39.600263,24.478267],[39.600146,24.478267],[39.600029,24.47822],[39.599911,24.47822],[39.599794,24.47822],[39.599677,24.4783],[39.59956,24.4783],[39.599547,24.478309],[39.599547,24.478418],[39.599547,24.478526],[39.599443,24.478577],[39.599326,24.478577],[39.599208,24.478623],[39.599091,24.478623],[39.598974,24.478623],[39.598955,24.478635],[39.598955,24.478743],[39.598857,24.478781],[39.59874,24.478781],[39.598622,24.478778],[39.598505,24.478778],[39.598388,24.478756],[39.598271,24.478756],[39.598154,24.478756],[39.598144,24.478743],[39.598144,24.478635],[39.598125,24.478526],[39.598125,24.478418],[39.598125,24.478309],[39.598036,24.478205],[39.597919,24.478205],[39.597802,24.478235],[39.597685,24.478235],[39.597568,24.478235],[39.597451,24.478286],[39.597333,24.478286],[39.597216,24.4783],[39.597099,24.4783],[39.59701,24.478201],[39.59701,24.478092],[39.596982,24.478049],[39.596865,24.478049],[39.596747,24.478049],[39.596705,24.477984],[39.596705,24.477875],[39.596705,24.477767],[39.596747,24.47766],[39.596865,24.47766],[39.596982,24.47766],[39.596982,24.477658],[39.596982,24.47755],[39.597092,24.477441],[39.597092,24.477333],[39.597092,24.477224],[39.597099,24.477219],[39.597216,24.477219],[39.597333,24.477139],[39.597451,24.477139],[39.597479,24.477116],[39.597479,24.477007],[39.597479,24.476899],[39.597568,24.47683],[39.597685,24.47683],[39.597802,24.47683],[39.597848,24.47679],[39.597848,24.476682],[39.597919,24.476603],[39.598036,24.476603],[39.598066,24.476573],[39.598066,24.476465],[39.598066,24.476356],[39.598036,24.476329],[39.597919,24.476329],[39.597837,24.476248],[39.597837,24.476139],[39.597802,24.476067],[39.597685,24.476067],[39.597568,24.476067],[39.597547,24.476031],[39.597547,24.475922],[39.597547,24.475814],[39.597451,24.475715],[39.597333,24.475715],[39.59732,24.475705],[39.59732,24.475597],[39.597263,24.475488],[39.597263,24.47538],[39.597263,24.475271],[39.597333,24.475227],[39.597451,24.475227],[39.597568,24.475204],[39.597685,24.475204],[39.597802,24.475204],[39.597854,24.475271],[39.597854,24.47538],[39.597854,24.475488],[39.597919,24.47555],[39.598036,24.47555],[39.59812,24.475597],[39.59812,24.475705],[39.598154,24.475719],[39.598271,24.475719],[39.598388,24.475719],[39.598505,24.475728],[39.598622,24.475728],[39.59874,24.475724],[39.598857,24.475724],[39.59889,24.475705],[39.59889,24.475597],[39.598899,24.475488],[39.598899,24.47538],[39.598899,24.475271],[39.598874,24.475163],[39.598874,24.475054],[39.598974,24.47495],[39.599091,24.47495],[39.599208,24.47495],[39.599218,24.474946],[39.599218,24.474837],[39.599218,24.474729],[39.599326,24.474683],[39.599443,24.474683],[39.599523,24.47462],[39.599523,24.474512],[39.599523,24.474403],[39.599557,24.474295],[39.599557,24.474186],[39.59956,24.474184],[39.599677,24.474184],[39.599794,24.474126],[39.599911,24.474126],[39.600029,24.474126],[39.600085,24.474078],[39.600085,24.473969],[39.600085,24.473861],[39.600146,24.473791],[39.600263,24.473791],[39.60038,24.473765],[39.600497,24.473765],[39.60053,24.473752],[39.60053,24.473644],[39.600497,24.473616],[39.60038,24.473616],[39.600331,24.473535],[39.600331,24.473427],[39.600331,24.473318],[39.600312,24.47321],[39.600312,24.473101],[39.60038,24.472998],[39.600497,24.472998],[39.600503,24.472993],[39.600503,24.472884],[39.600503,24.472776],[39.600615,24.472674],[39.600732,24.472674],[39.600849,24.472674],[39.600966,24.472722],[39.601083,24.472722],[39.601167,24.472776],[39.601167,24.472884],[39.601167,24.472993],[39.601201,24.473007],[39.601318,24.473007],[39.601435,24.473007],[39.601552,24.473012],[39.601669,24.473012],[39.601697,24.472993],[39.601697,24.472884],[39.601697,24.472776],[39.601733,24.472667],[39.601733,24.472559],[39.601733,24.47245],[39.601739,24.472342],[39.601739,24.472233],[39.601745,24.472125],[39.601745,24.472016],[39.601745,24.471908],[39.601776,24.471799],[39.601776,24.471691],[39.601786,24.471686],[39.601904,24.471686],[39.602021,24.471665],[39.602138,24.471665],[39.602255,24.471665],[39.602324,24.471691]]]]}},{"type":"Feature","properties":{"elev_absolute":645,"min_height":30,"height":33},"geometry":{"type":"MultiPolygon","coordinates":[[[[39.600929,24.478092],[39.600929,24.478201],[39.600966,24.478242],[39.601083,24.478242],[39.601141,24.478309],[39.601141,24.478418],[39.601141,24.478526],[39.601083,24.478569],[39.600966,24.478569],[39.600849,24.478596],[39.600732,24.478596],[39.600615,24.478596],[39.600497,24.478566],[39.60038,24.478566],[39.600326,24.478526],[39.600326,24.478418],[39.600326,24.478309],[39.600263,24.478242],[39.600146,24.478242],[39.600046,24.478201],[39.600046,24.478092],[39.600146,24.478001],[39.600263,24.478001],[39.60038,24.477998],[39.600497,24.477998],[39.600615,24.478043],[39.600732,24.478043],[39.600849,24.478043],[39.600929,24.478092]]],[[[39.602801,24.475814],[39.602801,24.475922],[39.602801,24.476031],[39.602724,24.476122],[39.602607,24.476122],[39.60249,24.476073],[39.602372,24.476073],[39.602255,24.476061],[39.602138,24.476061],[39.602021,24.476061],[39.601904,24.476045],[39.601786,24.476045],[39.601771,24.476031],[39.601771,24.475922],[39.601771,24.475814],[39.601786,24.475805],[39.601904,24.475805],[39.602021,24.475788],[39.602138,24.475788],[39.602255,24.475788],[39.602372,24.475784],[39.60249,24.475784],[39.602607,24.4758],[39.602724,24.4758],[39.602801,24.475814]]],[[[39.60231,24.471908],[39.60231,24.472016],[39.60231,24.472125],[39.602321,24.472233],[39.602321,24.472342],[39.602372,24.47237],[39.60249,24.47237],[39.602565,24.47245],[39.602565,24.472559],[39.602565,24.472667],[39.602517,24.472776],[39.602517,24.472884],[39.602517,24.472993],[39.60249,24.473021],[39.602372,24.473021],[39.602295,24.473101],[39.602295,24.47321],[39.602255,24.473242],[39.602138,24.473242],[39.602021,24.473242],[39.601904,24.473318],[39.601904,24.473427],[39.601904,24.473535],[39.601904,24.473536],[39.601786,24.473536],[39.601669,24.473559],[39.601552,24.473559],[39.601435,24.473591],[39.601318,24.473591],[39.601201,24.473591],[39.601122,24.473644],[39.601122,24.473752],[39.601159,24.473861],[39.601159,24.473969],[39.601159,24.474078],[39.601151,24.474186],[39.601151,24.474295],[39.601083,24.474352],[39.600966,24.474352],[39.600923,24.474403],[39.600923,24.474512],[39.600923,24.47462],[39.600874,24.474729],[39.600874,24.474837],[39.600874,24.474946],[39.600895,24.475054],[39.600895,24.475163],[39.600966,24.475225],[39.601083,24.475225],[39.601119,24.475271],[39.601119,24.47538],[39.601119,24.475488],[39.601188,24.475597],[39.601188,24.475705],[39.601083,24.475747],[39.600966,24.475747],[39.600849,24.475755],[39.600732,24.475755],[39.600615,24.475755],[39.600497,24.475742],[39.60038,24.475742],[39.600263,24.475753],[39.600146,24.475753],[39.600029,24.475803],[39.599911,24.475803],[39.599794,24.475803],[39.59978,24.475814],[39.59978,24.475922],[39.59978,24.476031],[39.599716,24.476139],[39.599716,24.476248],[39.599677,24.476338],[39.59956,24.476338],[39.599553,24.476356],[39.599553,24.476465],[39.599553,24.476573],[39.59956,24.476611],[39.599677,24.476611],[39.599698,24.476682],[39.599698,24.47679],[39.599791,24.476899],[39.599791,24.477007],[39.599791,24.477116],[39.599794,24.477142],[39.599911,24.477142],[39.600029,24.477142],[39.600038,24.477224],[39.600038,24.477333],[39.600038,24.477441],[39.600029,24.47746],[39.599911,24.47746],[39.599794,24.47746],[39.599745,24.47755],[39.599745,24.477658],[39.599791,24.477767],[39.599791,24.477875],[39.599791,24.477984],[39.599776,24.478092],[39.599776,24.478201],[39.599677,24.478262],[39.59956,24.478262],[39.599496,24.478309],[39.599496,24.478418],[39.599496,24.478526],[39.599443,24.478552],[39.599326,24.478552],[39.599208,24.47859],[39.599091,24.47859],[39.598974,24.47859],[39.598901,24.478635],[39.598901,24.478743],[39.598857,24.47876],[39.59874,24.47876],[39.598622,24.478755],[39.598505,24.478755],[39.598454,24.478743],[39.598454,24.478635],[39.598399,24.478526],[39.598399,24.478418],[39.598399,24.478309],[39.598388,24.47829],[39.598271,24.47829],[39.598154,24.47829],[39.598093,24.478201],[39.598093,24.478092],[39.598036,24.478068],[39.597919,24.478068],[39.597847,24.478092],[39.597847,24.478201],[39.597802,24.478213],[39.597685,24.478213],[39.597568,24.478213],[39.597451,24.478268],[39.597333,24.478268],[39.597216,24.47827],[39.597099,24.47827],[39.597037,24.478201],[39.597037,24.478092],[39.596982,24.478008],[39.596865,24.478008],[39.596747,24.478008],[39.596731,24.477984],[39.596731,24.477875],[39.596731,24.477767],[39.596747,24.477726],[39.596865,24.477726],[39.596982,24.477726],[39.597005,24.477658],[39.597005,24.47755],[39.597099,24.477458],[39.597216,24.477458],[39.597247,24.477441],[39.597247,24.477333],[39.597247,24.477224],[39.597333,24.477165],[39.597451,24.477165],[39.597511,24.477116],[39.597511,24.477007],[39.597511,24.476899],[39.597568,24.476855],[39.597685,24.476855],[39.597802,24.476855],[39.597877,24.47679],[39.597877,24.476682],[39.597919,24.476635],[39.598036,24.476635],[39.598099,24.476573],[39.598099,24.476465],[39.598099,24.476356],[39.598036,24.4763],[39.597919,24.4763],[39.597867,24.476248],[39.597867,24.476139],[39.597816,24.476031],[39.597816,24.475922],[39.597816,24.475814],[39.597802,24.475791],[39.597685,24.475791],[39.597568,24.475791],[39.597487,24.475705],[39.597487,24.475597],[39.597478,24.475488],[39.597478,24.47538],[39.597478,24.475271],[39.597568,24.475245],[39.597685,24.475245],[39.597802,24.475245],[39.597822,24.475271],[39.597822,24.47538],[39.597822,24.475488],[39.597919,24.475581],[39.598036,24.475581],[39.598065,24.475597],[39.598065,24.475705],[39.598154,24.475741],[39.598271,24.475741],[39.598388,24.475741],[39.598505,24.475751],[39.598622,24.475751],[39.59874,24.475747],[39.598857,24.475747],[39.598933,24.475705],[39.598933,24.475597],[39.598923,24.475488],[39.598923,24.47538],[39.598923,24.475271],[39.598896,24.475163],[39.598896,24.475054],[39.598974,24.474973],[39.599091,24.474973],[39.599208,24.474973],[39.599274,24.474946],[39.599274,24.474837],[39.599274,24.474729],[39.599326,24.474707],[39.599443,24.474707],[39.599554,24.47462],[39.599554,24.474512],[39.599554,24.474403],[39.59956,24.474385],[39.599677,24.474385],[39.599743,24.474295],[39.599743,24.474186],[39.599794,24.474161],[39.599911,24.474161],[39.600029,24.474161],[39.600125,24.474078],[39.600125,24.473969],[39.600125,24.473861],[39.600146,24.473837],[39.600263,24.473837],[39.60038,24.473804],[39.600497,24.473804],[39.600615,24.473757],[39.600732,24.473757],[39.600849,24.473757],[39.600868,24.473752],[39.600868,24.473644],[39.600849,24.473634],[39.600732,24.473634],[39.600615,24.473634],[39.6005,24.473535],[39.6005,24.473427],[39.6005,24.473318],[39.600497,24.473307],[39.60038,24.473307],[39.600368,24.47321],[39.600368,24.473101],[39.60038,24.473083],[39.600497,24.473083],[39.600592,24.472993],[39.600592,24.472884],[39.600592,24.472776],[39.600615,24.472755],[39.600732,24.472755],[39.600849,24.472755],[39.600921,24.472776],[39.600921,24.472884],[39.600921,24.472993],[39.600966,24.473001],[39.601083,24.473001],[39.601201,24.47305],[39.601318,24.47305],[39.601435,24.47305],[39.601552,24.473063],[39.601669,24.473063],[39.601768,24.472993],[39.601768,24.472884],[39.601768,24.472776],[39.601786,24.472716],[39.601904,24.472716],[39.601913,24.472667],[39.601913,24.472559],[39.601913,24.47245],[39.60193,24.472342],[39.60193,24.472233],[39.601932,24.472125],[39.601932,24.472016],[39.601932,24.471908],[39.602021,24.471814],[39.602138,24.471814],[39.602255,24.471814],[39.60231,24.471908]]]]}},{"type":"Feature","properties":{"elev_absolute":648,"min_height":33,"height":36},"geometry":{"type":"MultiPolygon","coordinates":[[[[39.600894,24.478092],[39.600894,24.478201],[39.600966,24.478282],[39.601083,24.478282],[39.601107,24.478309],[39.601107,24.478418],[39.601107,24.478526],[39.601083,24.478544],[39.600966,24.478544],[39.600849,24.478582],[39.600732,24.478582],[39.600615,24.478582],[39.600497,24.478549],[39.60038,24.478549],[39.60035,24.478526],[39.60035,24.478418],[39.60035,24.478309],[39.600263,24.478217],[39.600146,24.478217],[39.600106,24.478201],[39.600106,24.478092],[39.600146,24.478056],[39.600263,24.478056],[39.60038,24.478023],[39.600497,24.478023],[39.600615,24.478065],[39.600732,24.478065],[39.600849,24.478065],[39.600894,24.478092]]],[[[39.602507,24.475814],[39.602507,24.475922],[39.602507,24.476031],[39.60249,24.476034],[39.602372,24.476034],[39.602255,24.476031],[39.602138,24.476031],[39.602021,24.476031],[39.602019,24.476031],[39.602019,24.475922],[39.602019,24.475814],[39.602021,24.475814],[39.602138,24.475814],[39.602255,24.475814],[39.602372,24.475812],[39.60249,24.475812],[39.602507,24.475814]]],[[[39.597867,24.475597],[39.597867,24.475705],[39.597802,24.475737],[39.597685,24.475737],[39.597568,24.475737],[39.597538,24.475705],[39.597538,24.475597],[39.597568,24.47553],[39.597685,24.47553],[39.597802,24.47553],[39.597867,24.475597]]],[[[39.601124,24.473861],[39.601124,24.473969],[39.601124,24.474078],[39.601113,24.474186],[39.601113,24.474295],[39.601083,24.47432],[39.600966,24.47432],[39.600896,24.474403],[39.600896,24.474512],[39.600896,24.47462],[39.600849,24.474726],[39.600732,24.474726],[39.600615,24.474726],[39.600613,24.474729],[39.600613,24.474837],[39.600613,24.474946],[39.600615,24.475053],[39.600732,24.475053],[39.600849,24.475053],[39.600849,24.475054],[39.600849,24.475163],[39.600966,24.475267],[39.601083,24.475267],[39.601087,24.475271],[39.601087,24.47538],[39.601087,24.475488],[39.601131,24.475597],[39.601131,24.475705],[39.601083,24.475725],[39.600966,24.475725],[39.600849,24.475732],[39.600732,24.475732],[39.600615,24.475732],[39.600497,24.475718],[39.60038,24.475718],[39.600263,24.475731],[39.600146,24.475731],[39.600029,24.475785],[39.599911,24.475785],[39.599794,24.475785],[39.599754,24.475814],[39.599754,24.475922],[39.599754,24.476031],[39.599692,24.476139],[39.599692,24.476248],[39.599677,24.476282],[39.59956,24.476282],[39.599529,24.476356],[39.599529,24.476465],[39.599529,24.476573],[39.599549,24.476682],[39.599549,24.47679],[39.59956,24.476806],[39.599677,24.476806],[39.599757,24.476899],[39.599757,24.477007],[39.599757,24.477116],[39.599761,24.477224],[39.599761,24.477333],[39.599761,24.477441],[39.59971,24.47755],[39.59971,24.477658],[39.599746,24.477767],[39.599746,24.477875],[39.599746,24.477984],[39.599715,24.478092],[39.599715,24.478201],[39.599677,24.478224],[39.59956,24.478224],[39.599444,24.478309],[39.599444,24.478418],[39.599444,24.478526],[39.599443,24.478527],[39.599326,24.478527],[39.599208,24.478556],[39.599091,24.478556],[39.598974,24.478556],[39.598857,24.478625],[39.59874,24.478625],[39.598622,24.478599],[39.598505,24.478599],[39.598451,24.478526],[39.598451,24.478418],[39.598451,24.478309],[39.59839,24.478201],[39.59839,24.478092],[39.598388,24.478085],[39.598271,24.478085],[39.598154,24.478085],[39.598036,24.47804],[39.597919,24.47804],[39.597802,24.478081],[39.597685,24.478081],[39.597568,24.478081],[39.597551,24.478092],[39.597551,24.478201],[39.597451,24.47825],[39.597333,24.47825],[39.597216,24.47824],[39.597099,24.47824],[39.597064,24.478201],[39.597064,24.478092],[39.596992,24.477984],[39.596992,24.477875],[39.596992,24.477767],[39.597027,24.477658],[39.597027,24.47755],[39.597099,24.47748],[39.597216,24.47748],[39.597286,24.477441],[39.597286,24.477333],[39.597286,24.477224],[39.597333,24.477192],[39.597451,24.477192],[39.597544,24.477116],[39.597544,24.477007],[39.597544,24.476899],[39.597568,24.47688],[39.597685,24.47688],[39.597802,24.47688],[39.597906,24.47679],[39.597906,24.476682],[39.597919,24.476667],[39.598036,24.476667],[39.598132,24.476573],[39.598132,24.476465],[39.598132,24.476356],[39.598036,24.47627],[39.597919,24.47627],[39.597897,24.476248],[39.597897,24.476139],[39.597851,24.476031],[39.597851,24.475922],[39.597851,24.475814],[39.597919,24.475726],[39.598036,24.475726],[39.598154,24.475764],[39.598271,24.475764],[39.598388,24.475764],[39.598505,24.475773],[39.598622,24.475773],[39.59874,24.475771],[39.598857,24.475771],[39.598974,24.475706],[39.599091,24.475706],[39.599208,24.475706],[39.599209,24.475705],[39.599209,24.475597],[39.599208,24.475594],[39.599091,24.475594],[39.598974,24.475594],[39.598947,24.475488],[39.598947,24.47538],[39.598947,24.475271],[39.598919,24.475163],[39.598919,24.475054],[39.598974,24.474997],[39.599091,24.474997],[39.599208,24.474997],[39.599326,24.474947],[39.599443,24.474947],[39.599447,24.474946],[39.599447,24.474837],[39.599447,24.474729],[39.59956,24.474653],[39.599677,24.474653],[39.599704,24.47462],[39.599704,24.474512],[39.599704,24.474403],[39.599794,24.474305],[39.599911,24.474305],[39.600029,24.474305],[39.600046,24.474295],[39.600046,24.474186],[39.600146,24.474104],[39.600263,24.474104],[39.600322,24.474078],[39.600322,24.473969],[39.600322,24.473861],[39.60038,24.473842],[39.600497,24.473842],[39.600615,24.473797],[39.600732,24.473797],[39.600849,24.473797],[39.600966,24.473777],[39.601083,24.473777],[39.601124,24.473861]]],[[[39.601486,24.473101],[39.601486,24.47321],[39.601538,24.473318],[39.601538,24.473427],[39.601538,24.473535],[39.601435,24.473552],[39.601318,24.473552],[39.601201,24.473552],[39.601083,24.473628],[39.600966,24.473628],[39.600849,24.473559],[39.600732,24.473559],[39.600615,24.473559],[39.600587,24.473535],[39.600587,24.473427],[39.600587,24.473318],[39.600597,24.47321],[39.600597,24.473101],[39.600615,24.473085],[39.600732,24.473085],[39.600849,24.473085],[39.600966,24.473053],[39.601083,24.473053],[39.601201,24.473093],[39.601318,24.473093],[39.601435,24.473093],[39.601486,24.473101]]],[[[39.602528,24.47245],[39.602528,24.472559],[39.602528,24.472667],[39.60249,24.472745],[39.602372,24.472745],[39.602341,24.472776],[39.602341,24.472884],[39.602341,24.472993],[39.602255,24.473088],[39.602138,24.473088],[39.602021,24.473088],[39.60195,24.472993],[39.60195,24.472884],[39.60195,24.472776],[39.601959,24.472667],[39.601959,24.472559],[39.601959,24.47245],[39.602021,24.472345],[39.602138,24.472345],[39.602255,24.472345],[39.602372,24.472409],[39.60249,24.472409],[39.602528,24.47245]]],[[[39.602261,24.471908],[39.602261,24.472016],[39.602261,24.472125],[39.602255,24.472205],[39.602138,24.472205],[39.602021,24.472205],[39.602012,24.472125],[39.602012,24.472016],[39.602012,24.471908],[39.602021,24.471898],[39.602138,24.471898],[39.602255,24.471898],[39.602261,24.471908]]]]}},{"type":"Feature","properties":{"elev_absolute":651,"min_height":36,"height":39},"geometry":{"type":"MultiPolygon","coordinates":[[[[39.600859,24.478092],[39.600859,24.478201],[39.600955,24.478309],[39.600955,24.478418],[39.600955,24.478526],[39.600849,24.478567],[39.600732,24.478567],[39.600615,24.478567],[39.600497,24.478531],[39.60038,24.478531],[39.600374,24.478526],[39.600374,24.478418],[39.600374,24.478309],[39.600281,24.478201],[39.600281,24.478092],[39.60038,24.478047],[39.600497,24.478047],[39.600615,24.478086],[39.600732,24.478086],[39.600849,24.478086],[39.600859,24.478092]]],[[[39.601089,24.473861],[39.601089,24.473969],[39.601089,24.474078],[39.601083,24.474126],[39.600966,24.474126],[39.600957,24.474186],[39.600957,24.474295],[39.600869,24.474403],[39.600869,24.474512],[39.600869,24.47462],[39.600849,24.474665],[39.600732,24.474665],[39.600615,24.474665],[39.600588,24.474729],[39.600588,24.474837],[39.600588,24.474946],[39.600574,24.475054],[39.600574,24.475163],[39.600615,24.475224],[39.600732,24.475224],[39.600849,24.475224],[39.600903,24.475271],[39.600903,24.47538],[39.600903,24.475488],[39.600902,24.475597],[39.600902,24.475705],[39.600849,24.475708],[39.600732,24.475708],[39.600615,24.475708],[39.600588,24.475705],[39.600588,24.475597],[39.600497,24.475576],[39.60038,24.475576],[39.600288,24.475597],[39.600288,24.475705],[39.600263,24.475708],[39.600146,24.475708],[39.600029,24.475766],[39.599911,24.475766],[39.599794,24.475766],[39.599728,24.475814],[39.599728,24.475922],[39.599728,24.476031],[39.599677,24.476122],[39.59956,24.476122],[39.599552,24.476139],[39.599552,24.476248],[39.599506,24.476356],[39.599506,24.476465],[39.599506,24.476573],[39.59952,24.476682],[39.59952,24.47679],[39.59956,24.476845],[39.599677,24.476845],[39.599723,24.476899],[39.599723,24.477007],[39.599723,24.477116],[39.599715,24.477224],[39.599715,24.477333],[39.599715,24.477441],[39.599677,24.477544],[39.59956,24.477544],[39.599558,24.47755],[39.599558,24.477658],[39.59956,24.477667],[39.599677,24.477667],[39.599701,24.477767],[39.599701,24.477875],[39.599701,24.477984],[39.599677,24.478047],[39.59956,24.478047],[39.599547,24.478092],[39.599547,24.478201],[39.599443,24.478283],[39.599326,24.478283],[39.599208,24.478306],[39.599091,24.478306],[39.598974,24.478306],[39.598962,24.478309],[39.598962,24.478418],[39.598962,24.478526],[39.598857,24.478573],[39.59874,24.478573],[39.598622,24.478528],[39.598505,24.478528],[39.598504,24.478526],[39.598504,24.478418],[39.598504,24.478309],[39.598445,24.478201],[39.598445,24.478092],[39.598505,24.478002],[39.598622,24.478002],[39.598642,24.477984],[39.598642,24.477875],[39.598642,24.477767],[39.598622,24.477757],[39.598505,24.477757],[39.598388,24.477751],[39.598271,24.477751],[39.598154,24.477751],[39.598118,24.477767],[39.598118,24.477875],[39.598118,24.477984],[39.598036,24.478012],[39.597919,24.478012],[39.597802,24.478056],[39.597685,24.478056],[39.597568,24.478056],[39.597514,24.478092],[39.597514,24.478201],[39.597451,24.478232],[39.597333,24.478232],[39.597216,24.47821],[39.597099,24.47821],[39.597091,24.478201],[39.597091,24.478092],[39.597017,24.477984],[39.597017,24.477875],[39.597017,24.477767],[39.59705,24.477658],[39.59705,24.47755],[39.597099,24.477502],[39.597216,24.477502],[39.597324,24.477441],[39.597324,24.477333],[39.597324,24.477224],[39.597333,24.477218],[39.597451,24.477218],[39.597568,24.477124],[39.597685,24.477124],[39.597802,24.477124],[39.597808,24.477116],[39.597808,24.477007],[39.597808,24.476899],[39.597919,24.476802],[39.598036,24.476802],[39.598051,24.47679],[39.598051,24.476682],[39.598154,24.476582],[39.598271,24.476582],[39.598388,24.476582],[39.598404,24.476573],[39.598404,24.476465],[39.598404,24.476356],[39.598388,24.476345],[39.598271,24.476345],[39.598154,24.476345],[39.598046,24.476248],[39.598046,24.476139],[39.598036,24.476118],[39.597919,24.476118],[39.597885,24.476031],[39.597885,24.475922],[39.597885,24.475814],[39.597919,24.47577],[39.598036,24.47577],[39.598154,24.475786],[39.598271,24.475786],[39.598388,24.475786],[39.598505,24.475796],[39.598622,24.475796],[39.59874,24.475794],[39.598857,24.475794],[39.598974,24.475733],[39.599091,24.475733],[39.599208,24.475733],[39.599236,24.475705],[39.599236,24.475597],[39.599208,24.475502],[39.599091,24.475502],[39.598974,24.475502],[39.59897,24.475488],[39.59897,24.47538],[39.59897,24.475271],[39.598941,24.475163],[39.598941,24.475054],[39.598974,24.47502],[39.599091,24.47502],[39.599208,24.47502],[39.599326,24.474972],[39.599443,24.474972],[39.599508,24.474946],[39.599508,24.474837],[39.599508,24.474729],[39.59956,24.474694],[39.599677,24.474694],[39.599738,24.47462],[39.599738,24.474512],[39.599738,24.474403],[39.599794,24.474342],[39.599911,24.474342],[39.600029,24.474342],[39.600111,24.474295],[39.600111,24.474186],[39.600146,24.474157],[39.600263,24.474157],[39.60038,24.474099],[39.600497,24.474099],[39.600551,24.474078],[39.600551,24.473969],[39.600551,24.473861],[39.600615,24.473836],[39.600732,24.473836],[39.600849,24.473836],[39.600966,24.473849],[39.601083,24.473849],[39.601089,24.473861]]],[[[39.601159,24.473318],[39.601159,24.473427],[39.601159,24.473535],[39.601083,24.473582],[39.600966,24.473582],[39.600896,24.473535],[39.600896,24.473427],[39.600896,24.473318],[39.600966,24.473219],[39.601083,24.473219],[39.601159,24.473318]]],[[[39.602492,24.47245],[39.602492,24.472559],[39.602492,24.472667],[39.60249,24.472672],[39.602372,24.472672],[39.602265,24.472776],[39.602265,24.472884],[39.602265,24.472993],[39.602255,24.473004],[39.602138,24.473004],[39.602021,24.473004],[39.602012,24.472993],[39.602012,24.472884],[39.602012,24.472776],[39.602004,24.472667],[39.602004,24.472559],[39.602004,24.47245],[39.602021,24.472422],[39.602138,24.472422],[39.602255,24.472422],[39.602372,24.472448],[39.60249,24.472448],[39.602492,24.47245]]]]}},{"type":"Feature","properties":{"elev_absolute":654,"min_height":39,"height":42},"geometry":{"type":"MultiPolygon","coordinates":[[[[39.600918,24.478309],[39.600918,24.478418],[39.600918,24.478526],[39.600849,24.478553],[39.600732,24.478553],[39.600615,24.478553],[39.60053,24.478526],[39.60053,24.478418],[39.60053,24.478309],[39.600615,24.478231],[39.600732,24.478231],[39.600849,24.478231],[39.600918,24.478309]]],[[[39.600559,24.478092],[39.600559,24.478201],[39.600497,24.478258],[39.60038,24.478258],[39.600336,24.478201],[39.600336,24.478092],[39.60038,24.478072],[39.600497,24.478072],[39.600559,24.478092]]],[[[39.600911,24.474186],[39.600911,24.474295],[39.600849,24.474386],[39.600732,24.474386],[39.600615,24.474386],[39.600605,24.474403],[39.600605,24.474512],[39.600605,24.47462],[39.600562,24.474729],[39.600562,24.474837],[39.600562,24.474946],[39.600532,24.475054],[39.600532,24.475163],[39.600592,24.475271],[39.600592,24.47538],[39.600592,24.475488],[39.600497,24.475532],[39.60038,24.475532],[39.600263,24.475575],[39.600146,24.475575],[39.600113,24.475597],[39.600113,24.475705],[39.600029,24.475748],[39.599911,24.475748],[39.599794,24.475748],[39.599702,24.475814],[39.599702,24.475922],[39.599702,24.476031],[39.599677,24.476075],[39.59956,24.476075],[39.599533,24.476139],[39.599533,24.476248],[39.599483,24.476356],[39.599483,24.476465],[39.599483,24.476573],[39.599492,24.476682],[39.599492,24.47679],[39.59956,24.476885],[39.599677,24.476885],[39.599689,24.476899],[39.599689,24.477007],[39.599689,24.477116],[39.599677,24.477189],[39.59956,24.477189],[39.599552,24.477224],[39.599552,24.477333],[39.599552,24.477441],[39.599515,24.47755],[39.599515,24.477658],[39.599539,24.477767],[39.599539,24.477875],[39.599539,24.477984],[39.599513,24.478092],[39.599513,24.478201],[39.599443,24.478256],[39.599326,24.478256],[39.599208,24.478278],[39.599091,24.478278],[39.598974,24.478278],[39.598857,24.478302],[39.59874,24.478302],[39.598622,24.478212],[39.598505,24.478212],[39.598499,24.478201],[39.598499,24.478092],[39.598505,24.478083],[39.598622,24.478083],[39.598732,24.477984],[39.598732,24.477875],[39.598732,24.477767],[39.598622,24.477715],[39.598505,24.477715],[39.598388,24.477716],[39.598271,24.477716],[39.598154,24.477716],[39.598038,24.477767],[39.598038,24.477875],[39.598038,24.477984],[39.598036,24.477984],[39.597919,24.477984],[39.597802,24.478032],[39.597685,24.478032],[39.597568,24.478032],[39.597477,24.478092],[39.597477,24.478201],[39.597451,24.478213],[39.597333,24.478213],[39.597275,24.478201],[39.597275,24.478092],[39.597216,24.478066],[39.597099,24.478066],[39.597042,24.477984],[39.597042,24.477875],[39.597042,24.477767],[39.597072,24.477658],[39.597072,24.47755],[39.597099,24.477524],[39.597216,24.477524],[39.597333,24.47746],[39.597451,24.47746],[39.59748,24.477441],[39.59748,24.477333],[39.59748,24.477224],[39.597568,24.477154],[39.597685,24.477154],[39.597802,24.477154],[39.597833,24.477116],[39.597833,24.477007],[39.597833,24.476899],[39.597919,24.476824],[39.598036,24.476824],[39.598079,24.47679],[39.598079,24.476682],[39.598154,24.476609],[39.598271,24.476609],[39.598388,24.476609],[39.598453,24.476573],[39.598453,24.476465],[39.598453,24.476356],[39.598388,24.476311],[39.598271,24.476311],[39.598154,24.476311],[39.598083,24.476248],[39.598083,24.476139],[39.598036,24.476031],[39.597919,24.476031],[39.597919,24.476031],[39.597919,24.475922],[39.597919,24.475814],[39.597919,24.475813],[39.598036,24.475813],[39.598154,24.475808],[39.598271,24.475808],[39.598388,24.475808],[39.59845,24.475814],[39.59845,24.475922],[39.59845,24.476031],[39.598505,24.476038],[39.598622,24.476038],[39.59874,24.476036],[39.598857,24.476036],[39.598865,24.476031],[39.598865,24.475922],[39.598865,24.475814],[39.598974,24.475759],[39.599091,24.475759],[39.599208,24.475759],[39.599264,24.475705],[39.599264,24.475597],[39.599233,24.475488],[39.599233,24.47538],[39.599233,24.475271],[39.599208,24.4752],[39.599091,24.4752],[39.598974,24.4752],[39.598964,24.475163],[39.598964,24.475054],[39.598974,24.475044],[39.599091,24.475044],[39.599208,24.475044],[39.599326,24.474997],[39.599443,24.474997],[39.59956,24.47495],[39.599677,24.47495],[39.599686,24.474946],[39.599686,24.474837],[39.599686,24.474729],[39.599771,24.47462],[39.599771,24.474512],[39.599771,24.474403],[39.599794,24.474378],[39.599911,24.474378],[39.600029,24.474378],[39.600146,24.474314],[39.600263,24.474314],[39.600297,24.474295],[39.600297,24.474186],[39.60038,24.47414],[39.600497,24.47414],[39.600615,24.474101],[39.600732,24.474101],[39.600849,24.474101],[39.600911,24.474186]]],[[[39.601084,24.473318],[39.601084,24.473427],[39.601084,24.473535],[39.601083,24.473536],[39.600966,24.473536],[39.600966,24.473535],[39.600966,24.473427],[39.600966,24.473318],[39.600966,24.473318],[39.601083,24.473318],[39.601084,24.473318]]]]}},{"type":"Feature","properties":{"elev_absolute":657,"min_height":42,"height":45},"geometry":{"type":"MultiPolygon","coordinates":[[[[39.600881,24.478309],[39.600881,24.478418],[39.600881,24.478526],[39.600849,24.478539],[39.600732,24.478539],[39.600615,24.478539],[39.600575,24.478526],[39.600575,24.478418],[39.600575,24.478309],[39.600615,24.478273],[39.600732,24.478273],[39.600849,24.478273],[39.600881,24.478309]]],[[[39.600866,24.474186],[39.600866,24.474295],[39.600849,24.47432],[39.600732,24.47432],[39.600615,24.47432],[39.600566,24.474403],[39.600566,24.474512],[39.600566,24.47462],[39.600537,24.474729],[39.600537,24.474837],[39.600537,24.474946],[39.600497,24.475045],[39.60038,24.475045],[39.600374,24.475054],[39.600374,24.475163],[39.60038,24.475267],[39.600497,24.475267],[39.600498,24.475271],[39.600498,24.47538],[39.600498,24.475488],[39.600497,24.475489],[39.60038,24.475489],[39.600263,24.475549],[39.600146,24.475549],[39.600076,24.475597],[39.600076,24.475705],[39.600029,24.475729],[39.599911,24.475729],[39.599794,24.475729],[39.599677,24.475813],[39.59956,24.475813],[39.599558,24.475814],[39.599558,24.475922],[39.599558,24.476031],[39.599513,24.476139],[39.599513,24.476248],[39.59946,24.476356],[39.59946,24.476465],[39.59946,24.476573],[39.599464,24.476682],[39.599464,24.47679],[39.599534,24.476899],[39.599534,24.477007],[39.599534,24.477116],[39.599504,24.477224],[39.599504,24.477333],[39.599504,24.477441],[39.599472,24.47755],[39.599472,24.477658],[39.599494,24.477767],[39.599494,24.477875],[39.599494,24.477984],[39.599478,24.478092],[39.599478,24.478201],[39.599443,24.478229],[39.599326,24.478229],[39.599208,24.47825],[39.599091,24.47825],[39.598974,24.47825],[39.598857,24.478241],[39.59874,24.478241],[39.598689,24.478201],[39.598689,24.478092],[39.59874,24.478047],[39.598857,24.478047],[39.598923,24.477984],[39.598923,24.477875],[39.598923,24.477767],[39.598857,24.477712],[39.59874,24.477712],[39.598622,24.477673],[39.598505,24.477673],[39.598388,24.47768],[39.598271,24.47768],[39.598154,24.47768],[39.598036,24.477733],[39.597919,24.477733],[39.597859,24.477767],[39.597859,24.477875],[39.597859,24.477984],[39.597802,24.478007],[39.597685,24.478007],[39.597568,24.478007],[39.597451,24.478083],[39.597333,24.478083],[39.597216,24.47803],[39.597099,24.47803],[39.597067,24.477984],[39.597067,24.477875],[39.597067,24.477767],[39.597095,24.477658],[39.597095,24.47755],[39.597099,24.477546],[39.597216,24.477546],[39.597333,24.477484],[39.597451,24.477484],[39.597518,24.477441],[39.597518,24.477333],[39.597518,24.477224],[39.597568,24.477185],[39.597685,24.477185],[39.597802,24.477185],[39.597859,24.477116],[39.597859,24.477007],[39.597859,24.476899],[39.597919,24.476846],[39.598036,24.476846],[39.598107,24.47679],[39.598107,24.476682],[39.598154,24.476636],[39.598271,24.476636],[39.598388,24.476636],[39.598502,24.476573],[39.598502,24.476465],[39.598502,24.476356],[39.598388,24.476277],[39.598271,24.476277],[39.598154,24.476277],[39.598121,24.476248],[39.598121,24.476139],[39.598154,24.476081],[39.598271,24.476081],[39.598388,24.476081],[39.598505,24.476073],[39.598622,24.476073],[39.59874,24.476068],[39.598857,24.476068],[39.598919,24.476031],[39.598919,24.475922],[39.598919,24.475814],[39.598974,24.475786],[39.599091,24.475786],[39.599208,24.475786],[39.599291,24.475705],[39.599291,24.475597],[39.599263,24.475488],[39.599263,24.47538],[39.599263,24.475271],[39.599243,24.475163],[39.599243,24.475054],[39.599326,24.475022],[39.599443,24.475022],[39.59956,24.474979],[39.599677,24.474979],[39.599745,24.474946],[39.599745,24.474837],[39.599745,24.474729],[39.599794,24.47465],[39.599911,24.47465],[39.600029,24.47465],[39.600055,24.47462],[39.600055,24.474512],[39.600055,24.474403],[39.600146,24.474356],[39.600263,24.474356],[39.600371,24.474295],[39.600371,24.474186],[39.60038,24.474181],[39.600497,24.474181],[39.600615,24.474163],[39.600732,24.474163],[39.600849,24.474163],[39.600866,24.474186]]]]}},{"type":"Feature","properties":{"elev_absolute":660,"min_height":45,"height":48},"geometry":{"type":"MultiPolygon","coordinates":[[[[39.59945,24.477767],[39.59945,24.477875],[39.59945,24.477984],[39.599444,24.478092],[39.599444,24.478201],[39.599443,24.478202],[39.599326,24.478202],[39.599208,24.478222],[39.599091,24.478222],[39.598974,24.478222],[39.598892,24.478201],[39.598892,24.478092],[39.598974,24.478014],[39.599091,24.478014],[39.599208,24.478014],[39.599286,24.477984],[39.599286,24.477875],[39.599286,24.477767],[39.599326,24.477731],[39.599443,24.477731],[39.59945,24.477767]]],[[[39.600528,24.474403],[39.600528,24.474512],[39.600528,24.47462],[39.600511,24.474729],[39.600511,24.474837],[39.600511,24.474946],[39.600497,24.474981],[39.60038,24.474981],[39.600329,24.475054],[39.600329,24.475163],[39.600332,24.475271],[39.600332,24.47538],[39.600332,24.475488],[39.600263,24.475524],[39.600146,24.475524],[39.600039,24.475597],[39.600039,24.475705],[39.600029,24.47571],[39.599911,24.47571],[39.599794,24.47571],[39.599677,24.47579],[39.59956,24.47579],[39.599502,24.475814],[39.599502,24.475922],[39.599502,24.476031],[39.599494,24.476139],[39.599494,24.476248],[39.599443,24.476346],[39.599326,24.476346],[39.599314,24.476356],[39.599314,24.476465],[39.599314,24.476573],[39.599319,24.476682],[39.599319,24.47679],[39.599326,24.476808],[39.599443,24.476808],[39.599494,24.476899],[39.599494,24.477007],[39.599494,24.477116],[39.599457,24.477224],[39.599457,24.477333],[39.599457,24.477441],[39.599443,24.477495],[39.599326,24.477495],[39.599301,24.47755],[39.599301,24.477658],[39.599208,24.477744],[39.599091,24.477744],[39.598974,24.477744],[39.598865,24.477658],[39.598865,24.47755],[39.598857,24.477545],[39.59874,24.477545],[39.598622,24.477529],[39.598505,24.477529],[39.598388,24.477539],[39.598271,24.477539],[39.598154,24.477539],[39.598125,24.47755],[39.598125,24.477658],[39.598036,24.477698],[39.597919,24.477698],[39.597802,24.477763],[39.597685,24.477763],[39.597568,24.477763],[39.597564,24.477767],[39.597564,24.477875],[39.597564,24.477984],[39.597451,24.478052],[39.597333,24.478052],[39.597216,24.477993],[39.597099,24.477993],[39.597093,24.477984],[39.597093,24.477875],[39.597093,24.477767],[39.597099,24.477741],[39.597216,24.477741],[39.597254,24.477658],[39.597254,24.47755],[39.597333,24.477509],[39.597451,24.477509],[39.597557,24.477441],[39.597557,24.477333],[39.597557,24.477224],[39.597568,24.477216],[39.597685,24.477216],[39.597802,24.477216],[39.597884,24.477116],[39.597884,24.477007],[39.597884,24.476899],[39.597919,24.476868],[39.598036,24.476868],[39.598135,24.47679],[39.598135,24.476682],[39.598154,24.476663],[39.598271,24.476663],[39.598388,24.476663],[39.598505,24.476603],[39.598622,24.476603],[39.59868,24.476573],[39.59868,24.476465],[39.59868,24.476356],[39.598622,24.476301],[39.598505,24.476301],[39.598403,24.476248],[39.598403,24.476139],[39.598505,24.476108],[39.598622,24.476108],[39.59874,24.476101],[39.598857,24.476101],[39.598973,24.476031],[39.598973,24.475922],[39.598973,24.475814],[39.598974,24.475813],[39.599091,24.475813],[39.599208,24.475813],[39.599319,24.475705],[39.599319,24.475597],[39.599292,24.475488],[39.599292,24.47538],[39.599292,24.475271],[39.599306,24.475163],[39.599306,24.475054],[39.599326,24.475047],[39.599443,24.475047],[39.59956,24.475007],[39.599677,24.475007],[39.599794,24.474953],[39.599911,24.474953],[39.600029,24.474953],[39.60004,24.474946],[39.60004,24.474837],[39.60004,24.474729],[39.600137,24.47462],[39.600137,24.474512],[39.600137,24.474403],[39.600146,24.474399],[39.600263,24.474399],[39.60038,24.474352],[39.600497,24.474352],[39.600528,24.474403]]]]}},{"type":"Feature","properties":{"elev_absolute":663,"min_height":48,"height":51},"geometry":{"type":"MultiPolygon","coordinates":[[[[39.599447,24.475814],[39.599447,24.475922],[39.599447,24.476031],[39.599474,24.476139],[39.599474,24.476248],[39.599443,24.476308],[39.599326,24.476308],[39.599269,24.476356],[39.599269,24.476465],[39.599269,24.476573],[39.599291,24.476682],[39.599291,24.47679],[39.599326,24.476878],[39.599443,24.476878],[39.599454,24.476899],[39.599454,24.477007],[39.599454,24.477116],[39.599443,24.477148],[39.599326,24.477148],[39.599279,24.477224],[39.599279,24.477333],[39.599279,24.477441],[39.59922,24.47755],[39.59922,24.477658],[39.599208,24.477669],[39.599091,24.477669],[39.598974,24.477669],[39.59896,24.477658],[39.59896,24.47755],[39.598857,24.477497],[39.59874,24.477497],[39.598622,24.477497],[39.598505,24.477497],[39.598388,24.47751],[39.598271,24.47751],[39.598154,24.47751],[39.598049,24.47755],[39.598049,24.477658],[39.598036,24.477664],[39.597919,24.477664],[39.597802,24.477706],[39.597685,24.477706],[39.597568,24.477706],[39.597512,24.477767],[39.597512,24.477875],[39.597512,24.477984],[39.597451,24.47802],[39.597333,24.47802],[39.597262,24.477984],[39.597262,24.477875],[39.597262,24.477767],[39.597301,24.477658],[39.597301,24.47755],[39.597333,24.477533],[39.597451,24.477533],[39.597568,24.477491],[39.597685,24.477491],[39.597802,24.477491],[39.597833,24.477441],[39.597833,24.477333],[39.597833,24.477224],[39.597909,24.477116],[39.597909,24.477007],[39.597909,24.476899],[39.597919,24.476889],[39.598036,24.476889],[39.598154,24.476799],[39.598271,24.476799],[39.598388,24.476799],[39.59841,24.47679],[39.59841,24.476682],[39.598505,24.476636],[39.598622,24.476636],[39.59874,24.476574],[39.598857,24.476574],[39.598858,24.476573],[39.598858,24.476465],[39.598858,24.476356],[39.598857,24.476348],[39.59874,24.476348],[39.598661,24.476248],[39.598661,24.476139],[39.59874,24.476133],[39.598857,24.476133],[39.598974,24.476068],[39.599091,24.476068],[39.599208,24.476068],[39.599318,24.476031],[39.599318,24.475922],[39.599318,24.475814],[39.599326,24.475804],[39.599443,24.475804],[39.599447,24.475814]]],[[[39.600323,24.474729],[39.600323,24.474837],[39.600323,24.474946],[39.600284,24.475054],[39.600284,24.475163],[39.600284,24.475271],[39.600284,24.47538],[39.600284,24.475488],[39.600263,24.475499],[39.600146,24.475499],[39.600029,24.475576],[39.599911,24.475576],[39.599794,24.475576],[39.599769,24.475597],[39.599769,24.475705],[39.599677,24.475766],[39.59956,24.475766],[39.599469,24.475705],[39.599469,24.475597],[39.599443,24.475506],[39.599326,24.475506],[39.599321,24.475488],[39.599321,24.47538],[39.599321,24.475271],[39.599326,24.475252],[39.599443,24.475252],[39.599503,24.475163],[39.599503,24.475054],[39.59956,24.475036],[39.599677,24.475036],[39.599794,24.474999],[39.599911,24.474999],[39.600029,24.474999],[39.600112,24.474946],[39.600112,24.474837],[39.600112,24.474729],[39.600146,24.474691],[39.600263,24.474691],[39.600323,24.474729]]]]}},{"type":"Feature","properties":{"elev_absolute":666,"min_height":51,"height":54},"geometry":{"type":"MultiPolygon","coordinates":[[[[39.597459,24.477767],[39.597459,24.477875],[39.597459,24.477984],[39.597451,24.477989],[39.597333,24.477989],[39.597323,24.477984],[39.597323,24.477875],[39.597323,24.477767],[39.597333,24.477728],[39.597451,24.477728],[39.597459,24.477767]]],[[[39.599454,24.476139],[39.599454,24.476248],[39.599443,24.47627],[39.599326,24.47627],[39.599225,24.476356],[39.599225,24.476465],[39.599225,24.476573],[39.599264,24.476682],[39.599264,24.47679],[39.5993,24.476899],[39.5993,24.477007],[39.5993,24.477116],[39.599211,24.477224],[39.599211,24.477333],[39.599211,24.477441],[39.599208,24.477447],[39.599091,24.477447],[39.598974,24.477447],[39.598857,24.477448],[39.59874,24.477448],[39.598622,24.477465],[39.598505,24.477465],[39.598388,24.477482],[39.598271,24.477482],[39.598154,24.477482],[39.598036,24.4775],[39.597919,24.4775],[39.597877,24.477441],[39.597877,24.477333],[39.597877,24.477224],[39.597919,24.477156],[39.598036,24.477156],[39.598056,24.477116],[39.598056,24.477007],[39.598056,24.476899],[39.598154,24.476824],[39.598271,24.476824],[39.598388,24.476824],[39.598477,24.47679],[39.598477,24.476682],[39.598505,24.476668],[39.598622,24.476668],[39.59874,24.476621],[39.598857,24.476621],[39.598943,24.476573],[39.598943,24.476465],[39.598943,24.476356],[39.598914,24.476248],[39.598914,24.476139],[39.598974,24.476107],[39.599091,24.476107],[39.599208,24.476107],[39.599326,24.476097],[39.599443,24.476097],[39.599454,24.476139]]],[[[39.600063,24.475054],[39.600063,24.475163],[39.60012,24.475271],[39.60012,24.47538],[39.60012,24.475488],[39.600029,24.475547],[39.599911,24.475547],[39.599794,24.475547],[39.599734,24.475597],[39.599734,24.475705],[39.599677,24.475743],[39.59956,24.475743],[39.599504,24.475705],[39.599504,24.475597],[39.599474,24.475488],[39.599474,24.47538],[39.599474,24.475271],[39.59956,24.475177],[39.599677,24.475177],[39.59975,24.475163],[39.59975,24.475054],[39.599794,24.475044],[39.599911,24.475044],[39.600029,24.475044],[39.600063,24.475054]]]]}},{"type":"Feature","properties":{"elev_absolute":669,"min_height":54,"height":57},"geometry":{"type":"MultiPolygon","coordinates":[[[[39.599236,24.476682],[39.599236,24.47679],[39.599263,24.476899],[39.599263,24.477007],[39.599263,24.477116],[39.599208,24.477182],[39.599091,24.477182],[39.598974,24.477182],[39.598857,24.477173],[39.59874,24.477173],[39.598622,24.477207],[39.598505,24.477207],[39.598458,24.477224],[39.598458,24.477333],[39.598458,24.477441],[39.598388,24.477453],[39.598271,24.477453],[39.598154,24.477453],[39.598043,24.477441],[39.598043,24.477333],[39.598043,24.477224],[39.59809,24.477116],[39.59809,24.477007],[39.59809,24.476899],[39.598154,24.47685],[39.598271,24.47685],[39.598388,24.47685],[39.598505,24.47682],[39.598622,24.47682],[39.598702,24.47679],[39.598702,24.476682],[39.59874,24.476669],[39.598857,24.476669],[39.598974,24.476615],[39.599091,24.476615],[39.599208,24.476615],[39.599236,24.476682]]],[[[39.600075,24.475271],[39.600075,24.47538],[39.600075,24.475488],[39.600029,24.475518],[39.599911,24.475518],[39.599794,24.475518],[39.599699,24.475597],[39.599699,24.475705],[39.599677,24.47572],[39.59956,24.47572],[39.599538,24.475705],[39.599538,24.475597],[39.599511,24.475488],[39.599511,24.47538],[39.599511,24.475271],[39.59956,24.475217],[39.599677,24.475217],[39.599794,24.475209],[39.599911,24.475209],[39.600029,24.475209],[39.600075,24.475271]]]]}},{"type":"Feature","properties":{"elev_absolute":672,"min_height":57,"height":60},"geometry":{"type":"MultiPolygon","coordinates":[[[[39.598732,24.476899],[39.598732,24.477007],[39.598732,24.477116],[39.598622,24.477147],[39.598505,24.477147],[39.598388,24.477181],[39.598271,24.477181],[39.598154,24.477181],[39.598124,24.477116],[39.598124,24.477007],[39.598124,24.476899],[39.598154,24.476876],[39.598271,24.476876],[39.598388,24.476876],[39.598505,24.476872],[39.598622,24.476872],[39.598732,24.476899]]],[[[39.599209,24.476682],[39.599209,24.47679],[39.599226,24.476899],[39.599226,24.477007],[39.599226,24.477116],[39.599208,24.477137],[39.599091,24.477137],[39.598974,24.477137],[39.598865,24.477116],[39.598865,24.477007],[39.598865,24.476899],[39.59897,24.47679],[39.59897,24.476682],[39.598974,24.47668],[39.599091,24.47668],[39.599208,24.47668],[39.599209,24.476682]]],[[[39.600031,24.475271],[39.600031,24.47538],[39.600031,24.475488],[39.600029,24.47549],[39.599911,24.47549],[39.599794,24.47549],[39.599677,24.475539],[39.59956,24.475539],[39.599548,24.475488],[39.599548,24.47538],[39.599548,24.475271],[39.59956,24.475258],[39.599677,24.475258],[39.599794,24.475269],[39.599911,24.475269],[39.600029,24.475269],[39.600031,24.475271]]]]}}]}