{"type":"FeatureCollection","features":[{"type":"Feature","properties":{"elev_absolute":648,"min_height":30,"height":60},"geometry":{"type":"MultiPolygon","coordinates":[[[[39.601618,24.542813],[39.601367,24.542995],[39.600889,24.542813],[39.601367,24.542562],[39.601618,24.542813]]],[[[39.652121,24.505937],[39.65207,24.506146],[39.651859,24.505937],[39.65207,24.505874],[39.652121,24.505937]]],[[[39.641144,24.497812],[39.64104,24.498438],[39.640898,24.498665],[39.64072,24.499063],[39.640898,24.499249],[39.641523,24.499688],[39.640898,24.500304],[39.640893,24.500312],[39.640655,24.500937],[39.640783,24.501562],[39.640801,24.502188],[39.640898,24.502244],[39.641556,24.502813],[39.64132,24.503438],[39.641021,24.504062],[39.641323,24.504687],[39.641758,24.504726],[39.641903,24.504687],[39.642617,24.50423],[39.643074,24.504062],[39.643477,24.503905],[39.643789,24.504062],[39.644259,24.504687],[39.644336,24.504714],[39.644388,24.504687],[39.645195,24.504244],[39.645717,24.504062],[39.646055,24.50391],[39.646452,24.504062],[39.646914,24.504177],[39.647077,24.504062],[39.647317,24.503438],[39.647773,24.502975],[39.648274,24.502813],[39.648633,24.502731],[39.649492,24.502551],[39.650333,24.502813],[39.650103,24.503438],[39.650352,24.503789],[39.650603,24.504062],[39.65087,24.504687],[39.650859,24.505312],[39.651032,24.505937],[39.651211,24.506046],[39.651967,24.506563],[39.65207,24.50693],[39.65215,24.507188],[39.65263,24.507813],[39.652477,24.508437],[39.652227,24.509062],[39.65207,24.509444],[39.65196,24.509687],[39.651231,24.510313],[39.651211,24.510327],[39.650385,24.510938],[39.650352,24.510962],[39.649492,24.511531],[39.649423,24.511563],[39.648735,24.512187],[39.648633,24.512588],[39.648439,24.512812],[39.647879,24.513437],[39.647879,24.514063],[39.647773,24.514139],[39.647115,24.514688],[39.646922,24.515313],[39.646914,24.515318],[39.646228,24.515937],[39.646189,24.516562],[39.646055,24.51666],[39.64554,24.517187],[39.645389,24.517812],[39.645195,24.517953],[39.644656,24.518438],[39.644336,24.51867],[39.644088,24.519063],[39.643477,24.519507],[39.64324,24.519687],[39.642617,24.52014],[39.642178,24.520312],[39.641758,24.520618],[39.641261,24.520937],[39.640898,24.521201],[39.640447,24.521562],[39.640039,24.521859],[39.639684,24.522188],[39.63918,24.522554],[39.638666,24.522813],[39.63832,24.523064],[39.637801,24.523438],[39.637461,24.523685],[39.636906,24.524062],[39.636602,24.524284],[39.636002,24.524687],[39.635742,24.524876],[39.635327,24.525312],[39.634883,24.525635],[39.634599,24.525937],[39.634023,24.526356],[39.63372,24.526563],[39.633164,24.526967],[39.632716,24.527188],[39.632305,24.527487],[39.631615,24.527812],[39.631445,24.527936],[39.630712,24.528437],[39.630586,24.528529],[39.629752,24.529062],[39.629727,24.529081],[39.628926,24.529687],[39.628867,24.52973],[39.628025,24.530313],[39.628008,24.530325],[39.627215,24.530938],[39.627148,24.530986],[39.626488,24.531562],[39.626289,24.531707],[39.625625,24.532187],[39.62543,24.53233],[39.624616,24.532812],[39.62457,24.532846],[39.623711,24.532936],[39.623043,24.533437],[39.622852,24.533576],[39.622177,24.534063],[39.621992,24.534197],[39.621433,24.534688],[39.621133,24.534906],[39.620615,24.535312],[39.620581,24.535937],[39.620563,24.536562],[39.620536,24.537187],[39.62112,24.537812],[39.620529,24.538438],[39.620273,24.538593],[39.620143,24.539063],[39.620119,24.539687],[39.620026,24.540312],[39.61959,24.540937],[39.619414,24.54097],[39.618555,24.541522],[39.618323,24.541562],[39.617695,24.541693],[39.616836,24.542072],[39.616717,24.542188],[39.615977,24.542567],[39.615117,24.542741],[39.614883,24.542813],[39.614258,24.542938],[39.613398,24.543065],[39.612539,24.543067],[39.61168,24.543095],[39.611291,24.542813],[39.61082,24.542606],[39.609961,24.542552],[39.609102,24.542498],[39.608675,24.542188],[39.608561,24.541562],[39.608242,24.541282],[39.607769,24.540937],[39.607383,24.540539],[39.607071,24.540312],[39.606959,24.539687],[39.606954,24.539063],[39.606954,24.538438],[39.606976,24.537812],[39.607383,24.537516],[39.607645,24.537187],[39.607641,24.536562],[39.607575,24.535937],[39.607543,24.535312],[39.607383,24.535187],[39.606523,24.535174],[39.605855,24.534688],[39.605664,24.534571],[39.605483,24.534688],[39.604805,24.535181],[39.604403,24.535312],[39.604323,24.535937],[39.603973,24.536562],[39.603945,24.536639],[39.603613,24.537187],[39.603086,24.537501],[39.602719,24.537812],[39.60244,24.538438],[39.602227,24.538694],[39.602053,24.539063],[39.601705,24.539687],[39.601367,24.540088],[39.601208,24.540312],[39.600878,24.540937],[39.600508,24.541387],[39.600409,24.541562],[39.60012,24.542188],[39.600007,24.542813],[39.599648,24.543214],[39.599581,24.543437],[39.599448,24.544062],[39.599224,24.544687],[39.598789,24.544942],[39.59844,24.544687],[39.59793,24.544528],[39.59729,24.544062],[39.59707,24.543917],[39.596411,24.543437],[39.596211,24.543282],[39.595566,24.542813],[39.595352,24.542472],[39.594961,24.542188],[39.59515,24.541562],[39.595324,24.540937],[39.595352,24.540907],[39.596211,24.540404],[39.596337,24.540312],[39.596211,24.539987],[39.595906,24.539687],[39.595924,24.539063],[39.595836,24.538438],[39.595744,24.537812],[39.596173,24.537187],[39.596211,24.537141],[39.596564,24.536562],[39.596442,24.535937],[39.59707,24.535434],[39.597238,24.535312],[39.597317,24.534688],[39.597917,24.534063],[39.59793,24.534049],[39.598475,24.533437],[39.598711,24.532812],[39.598414,24.532187],[39.598232,24.531562],[39.598238,24.530938],[39.598282,24.530313],[39.598179,24.529687],[39.598169,24.529062],[39.598239,24.528437],[39.59832,24.527812],[39.5985,24.527188],[39.59859,24.526563],[39.598789,24.526131],[39.598908,24.525937],[39.599335,24.525312],[39.599372,24.524687],[39.599179,24.524062],[39.59949,24.523438],[39.599648,24.523192],[39.600101,24.522813],[39.600467,24.522188],[39.600508,24.522091],[39.600683,24.521562],[39.601168,24.520937],[39.601367,24.520571],[39.601551,24.520312],[39.602227,24.519699],[39.602235,24.519687],[39.602435,24.519063],[39.602864,24.518438],[39.603076,24.517812],[39.603086,24.517806],[39.603945,24.517648],[39.604805,24.517359],[39.605002,24.517187],[39.605371,24.516562],[39.605664,24.516199],[39.605791,24.515937],[39.606212,24.515313],[39.606406,24.514688],[39.606285,24.514063],[39.606153,24.513437],[39.605851,24.512812],[39.605673,24.512187],[39.605664,24.512131],[39.605546,24.511563],[39.605371,24.510938],[39.605336,24.510313],[39.605664,24.509767],[39.605709,24.509687],[39.60608,24.509062],[39.606331,24.508437],[39.606419,24.507813],[39.606523,24.507737],[39.606917,24.507188],[39.607332,24.506563],[39.607383,24.506519],[39.608242,24.506219],[39.609102,24.506039],[39.609578,24.506563],[39.609634,24.507188],[39.609338,24.507813],[39.609102,24.508231],[39.609,24.508437],[39.608793,24.509062],[39.608648,24.509687],[39.608306,24.510313],[39.608242,24.510502],[39.608138,24.510938],[39.608088,24.511563],[39.608242,24.511782],[39.608941,24.511563],[39.609102,24.511509],[39.609243,24.511563],[39.609961,24.511841],[39.610357,24.511563],[39.61082,24.511231],[39.61168,24.511202],[39.612053,24.511563],[39.6122,24.512187],[39.612119,24.512812],[39.612327,24.513437],[39.612539,24.513725],[39.612871,24.514063],[39.613393,24.514688],[39.613398,24.514755],[39.614258,24.515096],[39.615117,24.514973],[39.615977,24.514901],[39.616836,24.514741],[39.617079,24.514688],[39.617695,24.514184],[39.617776,24.514063],[39.617695,24.513879],[39.616836,24.514011],[39.616011,24.513437],[39.615977,24.513414],[39.615393,24.512812],[39.615117,24.512648],[39.614258,24.512511],[39.613744,24.512187],[39.613713,24.511563],[39.613891,24.510938],[39.613929,24.510313],[39.613996,24.509687],[39.614071,24.509062],[39.614258,24.508926],[39.615117,24.508546],[39.615977,24.508677],[39.616836,24.509036],[39.617244,24.509062],[39.617695,24.509102],[39.617724,24.509062],[39.618059,24.508437],[39.617993,24.507813],[39.618095,24.507188],[39.618555,24.506741],[39.618784,24.506563],[39.619414,24.506058],[39.619549,24.505937],[39.619947,24.505312],[39.620273,24.505117],[39.621111,24.504687],[39.621133,24.504663],[39.621781,24.504062],[39.621992,24.503935],[39.622272,24.504062],[39.622852,24.504295],[39.623709,24.504687],[39.623711,24.504688],[39.624439,24.505312],[39.62457,24.505389],[39.624636,24.505312],[39.624822,24.504687],[39.624909,24.504062],[39.625057,24.503438],[39.625403,24.502813],[39.62543,24.502785],[39.625881,24.502188],[39.626289,24.501805],[39.626591,24.501562],[39.627148,24.501106],[39.62763,24.500937],[39.628008,24.50083],[39.628446,24.500937],[39.628867,24.501122],[39.629328,24.500937],[39.629727,24.500704],[39.630227,24.500312],[39.630586,24.499982],[39.631055,24.499688],[39.631445,24.499605],[39.632305,24.499298],[39.633004,24.499063],[39.633164,24.499018],[39.634023,24.498821],[39.63481,24.498438],[39.634883,24.498404],[39.635742,24.497897],[39.636463,24.497812],[39.636602,24.497794],[39.63671,24.497812],[39.637359,24.498438],[39.637461,24.498704],[39.637663,24.499063],[39.637802,24.499688],[39.637461,24.500193],[39.637441,24.500312],[39.637461,24.500346],[39.637479,24.500312],[39.63832,24.499761],[39.638513,24.499688],[39.639075,24.499063],[39.63918,24.498852],[39.6393,24.498438],[39.63954,24.497812],[39.640039,24.497443],[39.640898,24.497645],[39.641144,24.497812]]]]}},{"type":"Feature","properties":{"elev_absolute":678,"min_height":60,"height":90},"geometry":{"type":"MultiPolygon","coordinates":[[[[39.636616,24.498438],[39.636968,24.499063],[39.637034,24.499688],[39.636873,24.500312],[39.636602,24.500567],[39.636287,24.500937],[39.635742,24.501456],[39.635631,24.501562],[39.635639,24.502188],[39.635742,24.502293],[39.635871,24.502188],[39.636251,24.501562],[39.636602,24.50144],[39.637461,24.501219],[39.637687,24.500937],[39.637993,24.500312],[39.63832,24.500098],[39.63918,24.499781],[39.639417,24.499688],[39.640039,24.49914],[39.640547,24.499688],[39.640143,24.500312],[39.640039,24.500471],[39.63979,24.500937],[39.639994,24.501562],[39.639739,24.502188],[39.640039,24.502477],[39.640568,24.502813],[39.640064,24.503438],[39.640039,24.503463],[39.639596,24.504062],[39.63918,24.504645],[39.639148,24.504687],[39.638727,24.505312],[39.639089,24.505937],[39.63832,24.506507],[39.638288,24.506563],[39.63832,24.506657],[39.638397,24.506563],[39.63918,24.506004],[39.639252,24.505937],[39.640039,24.50558],[39.640898,24.505735],[39.641694,24.505312],[39.641758,24.505288],[39.642617,24.50503],[39.642951,24.505312],[39.642975,24.505937],[39.642856,24.506563],[39.643477,24.506904],[39.643723,24.506563],[39.644224,24.505937],[39.644336,24.50579],[39.644637,24.505312],[39.645195,24.504967],[39.64596,24.504687],[39.646055,24.50464],[39.646178,24.504687],[39.646914,24.504862],[39.647659,24.504687],[39.647773,24.504607],[39.648105,24.504062],[39.648633,24.503643],[39.649492,24.503596],[39.649835,24.504062],[39.650136,24.504687],[39.650181,24.505312],[39.650053,24.505937],[39.650192,24.506563],[39.650352,24.506687],[39.651205,24.507188],[39.651211,24.507191],[39.65207,24.507677],[39.652185,24.507813],[39.65207,24.508106],[39.651922,24.508437],[39.651532,24.509062],[39.651211,24.50954],[39.651128,24.509687],[39.650352,24.510229],[39.650069,24.510313],[39.649492,24.510584],[39.648633,24.510793],[39.648362,24.510938],[39.647773,24.511347],[39.647589,24.511563],[39.647395,24.512187],[39.646914,24.512658],[39.64672,24.512812],[39.646312,24.513437],[39.646055,24.513903],[39.645992,24.514063],[39.645859,24.514688],[39.645234,24.515313],[39.645195,24.515386],[39.644885,24.515937],[39.644896,24.516562],[39.644778,24.517187],[39.644336,24.517551],[39.644126,24.517812],[39.644145,24.518438],[39.643839,24.519063],[39.643477,24.519326],[39.643003,24.519687],[39.642617,24.519968],[39.641758,24.520285],[39.64163,24.520312],[39.640898,24.520618],[39.640203,24.520937],[39.640039,24.521188],[39.639921,24.521562],[39.639329,24.522188],[39.63918,24.522296],[39.63832,24.522556],[39.637461,24.522778],[39.637248,24.522813],[39.636602,24.523102],[39.636258,24.523438],[39.635742,24.52376],[39.634883,24.523709],[39.634714,24.524062],[39.634883,24.524628],[39.634913,24.524687],[39.634911,24.525312],[39.634883,24.525333],[39.634315,24.525937],[39.634023,24.526149],[39.633416,24.526563],[39.633164,24.526746],[39.632305,24.527039],[39.632,24.526563],[39.631683,24.525937],[39.631546,24.525312],[39.631445,24.525146],[39.631271,24.525312],[39.631103,24.525937],[39.630636,24.526563],[39.630586,24.526614],[39.630053,24.527188],[39.629727,24.527447],[39.629495,24.527812],[39.628991,24.528437],[39.628867,24.528525],[39.628008,24.528633],[39.627569,24.529062],[39.627148,24.529451],[39.626894,24.529687],[39.626289,24.530059],[39.625754,24.530313],[39.62543,24.530681],[39.624984,24.530938],[39.62457,24.531153],[39.623711,24.53151],[39.623594,24.531562],[39.622924,24.532187],[39.622852,24.532255],[39.621992,24.532747],[39.621769,24.532812],[39.621133,24.533258],[39.621014,24.533437],[39.620803,24.534063],[39.620343,24.534688],[39.620273,24.534754],[39.619731,24.535312],[39.619485,24.535937],[39.619414,24.5362],[39.619322,24.536562],[39.619201,24.537187],[39.619348,24.537812],[39.619259,24.538438],[39.619042,24.539063],[39.618555,24.539486],[39.618445,24.539687],[39.617695,24.540158],[39.616836,24.540195],[39.616698,24.540312],[39.616197,24.540937],[39.616058,24.541562],[39.615977,24.541629],[39.615117,24.541861],[39.614746,24.542188],[39.614258,24.542391],[39.613398,24.542639],[39.612539,24.542664],[39.61168,24.542727],[39.61082,24.5424],[39.609961,24.542292],[39.609134,24.542188],[39.609102,24.542174],[39.608879,24.541562],[39.608242,24.541001],[39.608155,24.540937],[39.607779,24.540312],[39.607409,24.539687],[39.607387,24.539063],[39.607385,24.538438],[39.60747,24.537812],[39.607908,24.537187],[39.6079,24.536562],[39.607767,24.535937],[39.607703,24.535312],[39.607383,24.535062],[39.606523,24.535035],[39.606045,24.534688],[39.605664,24.534454],[39.605302,24.534688],[39.604805,24.535049],[39.604002,24.535312],[39.603945,24.535558],[39.603514,24.535937],[39.60324,24.536562],[39.603086,24.53672],[39.602621,24.537187],[39.602227,24.537509],[39.601974,24.537812],[39.601686,24.538438],[39.601367,24.539024],[39.601346,24.539063],[39.601006,24.539687],[39.600508,24.540231],[39.600419,24.540312],[39.600016,24.540937],[39.599658,24.541562],[39.599648,24.541579],[39.599333,24.542188],[39.599122,24.542813],[39.599063,24.543437],[39.598939,24.544062],[39.598789,24.544364],[39.59793,24.544368],[39.597509,24.544062],[39.59707,24.543772],[39.596611,24.543437],[39.596211,24.543126],[39.59578,24.542813],[39.595449,24.542188],[39.595843,24.541562],[39.596211,24.541209],[39.596566,24.540937],[39.59707,24.54057],[39.59724,24.540312],[39.597179,24.539687],[39.59707,24.539235],[39.596956,24.539063],[39.596365,24.538438],[39.596211,24.538096],[39.596137,24.537812],[39.596211,24.537709],[39.596895,24.537187],[39.59707,24.536826],[39.597133,24.536562],[39.597257,24.535937],[39.59793,24.535449],[39.598035,24.535312],[39.59793,24.534871],[39.597878,24.534688],[39.59793,24.534634],[39.598568,24.534063],[39.598789,24.533836],[39.599055,24.533437],[39.599104,24.532812],[39.59897,24.532187],[39.598789,24.532056],[39.598535,24.531562],[39.598546,24.530938],[39.598634,24.530313],[39.598428,24.529687],[39.598408,24.529062],[39.598548,24.528437],[39.598709,24.527812],[39.598789,24.527629],[39.599126,24.527188],[39.59933,24.526563],[39.599648,24.526114],[39.599738,24.525937],[39.599941,24.525312],[39.600049,24.524687],[39.599772,24.524062],[39.600456,24.523438],[39.600508,24.523396],[39.600923,24.522813],[39.601207,24.522188],[39.601367,24.521865],[39.601519,24.521562],[39.602004,24.520937],[39.602227,24.520702],[39.602963,24.520312],[39.603086,24.519748],[39.603092,24.519687],[39.603424,24.519063],[39.603744,24.518438],[39.603945,24.518297],[39.604805,24.517979],[39.605003,24.517812],[39.605664,24.517235],[39.605701,24.517187],[39.605972,24.516562],[39.606354,24.515937],[39.606523,24.515681],[39.606645,24.515313],[39.606808,24.514688],[39.606755,24.514063],[39.606644,24.513437],[39.60665,24.512812],[39.606523,24.512657],[39.60622,24.512187],[39.606188,24.511563],[39.605894,24.510938],[39.605875,24.510313],[39.606202,24.509687],[39.606495,24.509062],[39.606523,24.509008],[39.606785,24.508437],[39.606876,24.507813],[39.607311,24.507188],[39.607383,24.507085],[39.608242,24.506659],[39.609102,24.506641],[39.609179,24.507188],[39.609102,24.507322],[39.608764,24.507813],[39.608458,24.508437],[39.608242,24.508984],[39.608212,24.509062],[39.608056,24.509687],[39.607766,24.510313],[39.607469,24.510938],[39.607553,24.511563],[39.607764,24.512187],[39.608242,24.51233],[39.608967,24.512187],[39.609102,24.512134],[39.609213,24.512187],[39.609961,24.512402],[39.610499,24.512187],[39.61082,24.51196],[39.61168,24.512147],[39.611694,24.512187],[39.61168,24.51225],[39.611552,24.512812],[39.611623,24.513437],[39.61168,24.51358],[39.611973,24.514063],[39.612539,24.514399],[39.612846,24.514688],[39.6126,24.515313],[39.612539,24.515499],[39.61213,24.515937],[39.612539,24.51605],[39.613398,24.516488],[39.613993,24.515937],[39.614258,24.515786],[39.614633,24.515937],[39.615117,24.516559],[39.615119,24.516562],[39.615117,24.516569],[39.61504,24.517187],[39.614681,24.517812],[39.614258,24.518396],[39.614244,24.518438],[39.614258,24.518464],[39.614289,24.518438],[39.615117,24.518033],[39.615354,24.517812],[39.615674,24.517187],[39.615977,24.517113],[39.616216,24.516562],[39.616256,24.515937],[39.616323,24.515313],[39.616836,24.515118],[39.617695,24.51518],[39.618064,24.515313],[39.618478,24.515937],[39.618555,24.515998],[39.618616,24.515937],[39.618685,24.515313],[39.618555,24.515033],[39.618292,24.514688],[39.618555,24.514289],[39.618653,24.514063],[39.618884,24.513437],[39.619414,24.512859],[39.619477,24.512812],[39.619414,24.512704],[39.618555,24.512356],[39.617695,24.512701],[39.617447,24.512812],[39.616836,24.513286],[39.61614,24.512812],[39.615977,24.512688],[39.615117,24.512243],[39.614847,24.512187],[39.614258,24.511864],[39.614138,24.511563],[39.614258,24.511293],[39.614407,24.510938],[39.614431,24.510313],[39.614603,24.509687],[39.615117,24.509219],[39.615977,24.509288],[39.616836,24.509658],[39.616908,24.509687],[39.617695,24.50994],[39.618134,24.509687],[39.618555,24.509171],[39.618629,24.509062],[39.619037,24.508437],[39.618613,24.507813],[39.618908,24.507188],[39.619414,24.506792],[39.619813,24.506563],[39.620273,24.506091],[39.620377,24.505937],[39.621133,24.505384],[39.621234,24.505312],[39.621987,24.504687],[39.621992,24.504683],[39.622012,24.504687],[39.622852,24.504767],[39.623711,24.505253],[39.623781,24.505312],[39.62457,24.505774],[39.624967,24.505312],[39.625304,24.504687],[39.625428,24.504062],[39.62543,24.504057],[39.625648,24.503438],[39.626091,24.502813],[39.626289,24.502546],[39.626692,24.502188],[39.627148,24.501808],[39.627489,24.501562],[39.628008,24.501341],[39.628398,24.501562],[39.628867,24.501842],[39.629689,24.501562],[39.629727,24.501545],[39.63058,24.500937],[39.630586,24.500933],[39.631057,24.500312],[39.631445,24.50004],[39.632305,24.49982],[39.633164,24.499691],[39.633178,24.499688],[39.634023,24.49938],[39.634883,24.499197],[39.635013,24.499063],[39.635742,24.498442],[39.635998,24.498438],[39.636602,24.498425],[39.636616,24.498438]]],[[[39.640046,24.498438],[39.640039,24.498484],[39.640034,24.498438],[39.640039,24.498421],[39.640046,24.498438]]]]}},{"type":"Feature","properties":{"elev_absolute":708,"min_height":90,"height":120},"geometry":{"type":"MultiPolygon","coordinates":[[[[39.606874,24.510313],[39.606754,24.510938],[39.606523,24.511193],[39.606371,24.510938],[39.606428,24.510313],[39.606523,24.510105],[39.606874,24.510313]]],[[[39.608124,24.507813],[39.607819,24.508437],[39.607674,24.509062],[39.607542,24.509687],[39.607383,24.510032],[39.606977,24.509687],[39.607067,24.509062],[39.607154,24.508437],[39.607286,24.507813],[39.607383,24.507672],[39.608124,24.507813]]],[[[39.60833,24.507188],[39.608242,24.507634],[39.608153,24.507188],[39.608242,24.507142],[39.60833,24.507188]]],[[[39.639435,24.500312],[39.63918,24.500932],[39.63875,24.500312],[39.63918,24.500171],[39.639435,24.500312]]],[[[39.636011,24.499063],[39.636509,24.499688],[39.636364,24.500312],[39.635834,24.500937],[39.635742,24.501025],[39.635181,24.501562],[39.634985,24.502188],[39.634883,24.502285],[39.634251,24.502813],[39.634023,24.503055],[39.633675,24.503438],[39.633164,24.503957],[39.633052,24.504062],[39.633164,24.504169],[39.633589,24.504062],[39.634023,24.503916],[39.63471,24.503438],[39.634883,24.503359],[39.635742,24.502889],[39.635852,24.502813],[39.636602,24.502227],[39.636747,24.502188],[39.637461,24.501879],[39.637791,24.501562],[39.638245,24.500937],[39.63832,24.500768],[39.63916,24.500937],[39.63918,24.501442],[39.63918,24.501562],[39.63918,24.50157],[39.63914,24.502188],[39.639113,24.502813],[39.63918,24.502947],[39.639445,24.503438],[39.63918,24.503759],[39.638956,24.504062],[39.638409,24.504687],[39.63832,24.504807],[39.638129,24.505312],[39.638065,24.505937],[39.637654,24.506563],[39.637461,24.506801],[39.637187,24.507188],[39.636602,24.50781],[39.636599,24.507813],[39.636602,24.507815],[39.63661,24.507813],[39.637461,24.507544],[39.63832,24.507419],[39.638885,24.507188],[39.63918,24.506916],[39.639499,24.506563],[39.640039,24.506118],[39.640898,24.506322],[39.641698,24.505937],[39.641758,24.505904],[39.641856,24.505937],[39.642148,24.506563],[39.642141,24.507188],[39.642138,24.507813],[39.642617,24.508269],[39.643125,24.507813],[39.643477,24.507596],[39.643995,24.507188],[39.644336,24.506729],[39.644499,24.506563],[39.644884,24.505937],[39.645195,24.505533],[39.646055,24.505451],[39.646589,24.505312],[39.646914,24.505263],[39.647773,24.505263],[39.648283,24.504687],[39.648633,24.504249],[39.649492,24.504488],[39.649617,24.504687],[39.649641,24.505312],[39.649492,24.505659],[39.649367,24.505937],[39.649457,24.506563],[39.649492,24.506642],[39.650149,24.507188],[39.650352,24.507253],[39.651211,24.507788],[39.651256,24.507813],[39.651414,24.508437],[39.651211,24.508709],[39.650984,24.509062],[39.650569,24.509687],[39.650352,24.509839],[39.649492,24.51018],[39.648633,24.510241],[39.648049,24.510313],[39.647773,24.510446],[39.646914,24.510929],[39.646903,24.510938],[39.646838,24.511563],[39.646586,24.512187],[39.646055,24.512599],[39.645829,24.512812],[39.645292,24.513437],[39.645195,24.513725],[39.645113,24.514063],[39.644821,24.514688],[39.644336,24.515173],[39.64421,24.515313],[39.64391,24.515937],[39.644076,24.516562],[39.643606,24.517187],[39.643477,24.5174],[39.643275,24.517812],[39.643477,24.51803],[39.643674,24.518438],[39.643591,24.519063],[39.643477,24.519146],[39.642766,24.519687],[39.642617,24.519796],[39.641792,24.519687],[39.641758,24.519669],[39.641571,24.519687],[39.640898,24.519757],[39.640039,24.520061],[39.63918,24.520134],[39.638916,24.520312],[39.638821,24.520937],[39.638512,24.521562],[39.63832,24.521675],[39.637579,24.522188],[39.637461,24.522233],[39.637362,24.522188],[39.636965,24.521562],[39.636602,24.521396],[39.636381,24.521562],[39.635767,24.522188],[39.636007,24.522813],[39.635742,24.523032],[39.635265,24.522813],[39.634883,24.522629],[39.634677,24.522813],[39.634201,24.523438],[39.634023,24.523775],[39.633888,24.524062],[39.634023,24.524199],[39.634375,24.524687],[39.63442,24.525312],[39.634031,24.525937],[39.634023,24.525943],[39.633164,24.526471],[39.632457,24.525937],[39.632305,24.525491],[39.632246,24.525312],[39.632086,24.524687],[39.631553,24.524062],[39.631445,24.524018],[39.631314,24.524062],[39.63069,24.524687],[39.630586,24.524788],[39.630114,24.525312],[39.629896,24.525937],[39.629727,24.526055],[39.629194,24.526563],[39.629062,24.527188],[39.628867,24.527493],[39.628008,24.527776],[39.627888,24.527812],[39.627148,24.528177],[39.626942,24.528437],[39.626384,24.529062],[39.626289,24.529158],[39.62543,24.529682],[39.625417,24.529687],[39.62457,24.530046],[39.624067,24.530313],[39.623711,24.530545],[39.623046,24.530938],[39.622852,24.531036],[39.622166,24.531562],[39.621992,24.5318],[39.621461,24.532187],[39.621133,24.532303],[39.620273,24.532728],[39.620161,24.532812],[39.619953,24.533437],[39.61958,24.534063],[39.619414,24.534226],[39.619044,24.534688],[39.618555,24.535264],[39.618518,24.535312],[39.61815,24.535937],[39.618016,24.536562],[39.618385,24.537187],[39.618555,24.537415],[39.618794,24.537812],[39.618555,24.538317],[39.617987,24.538438],[39.617695,24.538554],[39.616972,24.539063],[39.616836,24.539115],[39.616448,24.539687],[39.615977,24.540069],[39.615664,24.540312],[39.615117,24.540863],[39.615008,24.540937],[39.614258,24.541522],[39.614211,24.541562],[39.613398,24.542069],[39.612564,24.542188],[39.612539,24.54219],[39.61168,24.542234],[39.61082,24.542194],[39.610777,24.542188],[39.609961,24.541849],[39.609423,24.541562],[39.609102,24.541343],[39.608742,24.540937],[39.608531,24.540312],[39.608309,24.539687],[39.608355,24.539063],[39.608375,24.538438],[39.608311,24.537812],[39.608242,24.537615],[39.608171,24.537187],[39.608159,24.536562],[39.60796,24.535937],[39.607863,24.535312],[39.607383,24.534936],[39.606523,24.534897],[39.606235,24.534688],[39.605664,24.534337],[39.60512,24.534688],[39.604805,24.534917],[39.603945,24.535049],[39.603318,24.535312],[39.603086,24.535493],[39.602759,24.535937],[39.602635,24.536562],[39.602227,24.536941],[39.601995,24.537187],[39.601475,24.537812],[39.601367,24.537998],[39.601008,24.538438],[39.600702,24.539063],[39.600508,24.539525],[39.600453,24.539687],[39.599752,24.540312],[39.599648,24.540459],[39.599312,24.540937],[39.599125,24.541562],[39.598789,24.542045],[39.598683,24.542188],[39.598582,24.542813],[39.598595,24.543437],[39.598415,24.544062],[39.59793,24.544209],[39.597728,24.544062],[39.59707,24.543626],[39.596811,24.543437],[39.596211,24.542971],[39.595993,24.542813],[39.596036,24.542188],[39.596211,24.541948],[39.596652,24.541562],[39.59707,24.541242],[39.597482,24.540937],[39.597668,24.540312],[39.59772,24.539687],[39.597465,24.539063],[39.59707,24.538465],[39.597042,24.538438],[39.596754,24.537812],[39.59707,24.537572],[39.597305,24.537187],[39.597484,24.536562],[39.59793,24.536025],[39.598144,24.535937],[39.598512,24.535312],[39.598616,24.534688],[39.598789,24.534527],[39.599194,24.534063],[39.599498,24.533437],[39.59946,24.532812],[39.599648,24.53233],[39.599706,24.532187],[39.599704,24.531562],[39.599648,24.53146],[39.598956,24.530938],[39.599038,24.530313],[39.598789,24.529966],[39.598677,24.529687],[39.598647,24.529062],[39.598789,24.528608],[39.598901,24.528437],[39.599247,24.527812],[39.599648,24.527346],[39.599783,24.527188],[39.599992,24.526563],[39.600287,24.525937],[39.600395,24.525312],[39.600508,24.525006],[39.600635,24.524687],[39.600508,24.524299],[39.600407,24.524062],[39.600508,24.523973],[39.601182,24.523438],[39.601367,24.523128],[39.601559,24.522813],[39.60186,24.522188],[39.602227,24.521597],[39.602252,24.521562],[39.603086,24.520967],[39.603126,24.520937],[39.603669,24.520312],[39.603872,24.519687],[39.603945,24.519541],[39.604209,24.519063],[39.604805,24.518611],[39.604979,24.518438],[39.605664,24.517872],[39.605715,24.517812],[39.606201,24.517187],[39.606421,24.516562],[39.606523,24.516408],[39.606765,24.515937],[39.606927,24.515313],[39.607147,24.514688],[39.60713,24.514063],[39.607141,24.513437],[39.607342,24.512812],[39.607383,24.512759],[39.608242,24.512635],[39.609029,24.512812],[39.609102,24.512852],[39.609373,24.512812],[39.609961,24.51277],[39.61082,24.512548],[39.611057,24.512812],[39.611059,24.513437],[39.611388,24.514063],[39.611601,24.514688],[39.61168,24.514859],[39.611894,24.515313],[39.61168,24.515484],[39.61082,24.515702],[39.610613,24.515937],[39.61082,24.516058],[39.611545,24.516562],[39.61168,24.516714],[39.612256,24.517187],[39.612539,24.517323],[39.612932,24.517187],[39.613398,24.517016],[39.614231,24.516562],[39.614258,24.516538],[39.614283,24.516562],[39.614581,24.517187],[39.614258,24.517516],[39.613828,24.517812],[39.613702,24.518438],[39.614041,24.519063],[39.614258,24.519309],[39.614715,24.519063],[39.615117,24.518729],[39.615291,24.518438],[39.615977,24.517821],[39.615988,24.517812],[39.616532,24.517187],[39.616566,24.516562],[39.616683,24.515937],[39.616836,24.515673],[39.617641,24.515937],[39.617695,24.515955],[39.618455,24.516562],[39.618555,24.516679],[39.618829,24.516562],[39.619262,24.515937],[39.61926,24.515313],[39.619093,24.514688],[39.619273,24.514063],[39.619414,24.513589],[39.619474,24.513437],[39.620273,24.512853],[39.620363,24.512812],[39.620273,24.51247],[39.620205,24.512187],[39.619414,24.511587],[39.619336,24.511563],[39.618555,24.511293],[39.617998,24.511563],[39.617812,24.512187],[39.617695,24.51224],[39.616836,24.512627],[39.616246,24.512187],[39.615977,24.511753],[39.615117,24.51182],[39.614724,24.511563],[39.614807,24.510938],[39.614791,24.510313],[39.615117,24.509741],[39.615977,24.509788],[39.616836,24.510142],[39.617369,24.510313],[39.617695,24.510617],[39.618116,24.510313],[39.618555,24.510115],[39.61887,24.509687],[39.619325,24.509062],[39.619414,24.508935],[39.619679,24.508437],[39.619414,24.508141],[39.619128,24.507813],[39.619414,24.507474],[39.619759,24.507188],[39.620273,24.506862],[39.620602,24.506563],[39.621133,24.506014],[39.621864,24.505937],[39.621992,24.505859],[39.62214,24.505312],[39.622852,24.505061],[39.623272,24.505312],[39.623693,24.505937],[39.623711,24.505947],[39.62457,24.506162],[39.624814,24.505937],[39.625298,24.505312],[39.62543,24.505094],[39.625798,24.504687],[39.626012,24.504062],[39.626289,24.503465],[39.626299,24.503438],[39.626739,24.502813],[39.627148,24.502477],[39.627803,24.502188],[39.628008,24.50204],[39.628292,24.502188],[39.628867,24.502342],[39.629366,24.502188],[39.629727,24.502058],[39.630376,24.501562],[39.630586,24.501412],[39.631185,24.500937],[39.631445,24.50059],[39.631745,24.500312],[39.632305,24.50012],[39.633164,24.500006],[39.634023,24.49981],[39.634883,24.499756],[39.635033,24.499688],[39.635632,24.499063],[39.635742,24.498968],[39.636011,24.499063]],[[39.614258,24.520613],[39.614175,24.520937],[39.614258,24.521106],[39.614347,24.520937],[39.614258,24.520613]]]]}},{"type":"Feature","properties":{"elev_absolute":738,"min_height":120,"height":150},"geometry":{"type":"MultiPolygon","coordinates":[[[[39.59822,24.541562],[39.598115,24.542188],[39.598181,24.542813],[39.598183,24.543437],[39.59793,24.543989],[39.59707,24.543481],[39.597011,24.543437],[39.596211,24.542815],[39.596207,24.542813],[39.596211,24.542798],[39.59677,24.542188],[39.59707,24.541931],[39.597709,24.541562],[39.59793,24.541399],[39.59822,24.541562]]],[[[39.633841,24.525312],[39.633164,24.525923],[39.632778,24.525312],[39.633164,24.524706],[39.633841,24.525312]]],[[[39.610838,24.516562],[39.61082,24.516607],[39.610795,24.516562],[39.61082,24.51655],[39.610838,24.516562]]],[[[39.61632,24.510313],[39.616836,24.510658],[39.617182,24.510938],[39.617155,24.511563],[39.616836,24.512139],[39.616505,24.511563],[39.615977,24.511142],[39.61543,24.510938],[39.615272,24.510313],[39.615977,24.510155],[39.61632,24.510313]]],[[[39.635815,24.499688],[39.63591,24.500312],[39.635742,24.50051],[39.635361,24.500937],[39.634883,24.501405],[39.634679,24.501562],[39.634023,24.502174],[39.63401,24.502188],[39.633505,24.502813],[39.633164,24.503193],[39.632964,24.503438],[39.632305,24.504036],[39.632281,24.504062],[39.6317,24.504687],[39.632186,24.505312],[39.632305,24.505353],[39.632368,24.505312],[39.633164,24.504859],[39.633448,24.504687],[39.634023,24.504428],[39.634466,24.504062],[39.634883,24.503764],[39.6354,24.503438],[39.635742,24.503236],[39.636354,24.502813],[39.636602,24.502619],[39.637461,24.502348],[39.638007,24.502188],[39.63832,24.501807],[39.638505,24.502188],[39.638558,24.502813],[39.638494,24.503438],[39.638411,24.504062],[39.63832,24.504162],[39.637958,24.504687],[39.63775,24.505312],[39.637536,24.505937],[39.637461,24.506043],[39.637105,24.506563],[39.636633,24.507188],[39.636602,24.507221],[39.635995,24.507813],[39.635742,24.508056],[39.635184,24.508437],[39.634883,24.508863],[39.6348,24.509062],[39.634883,24.509248],[39.635147,24.509062],[39.635742,24.508835],[39.636602,24.508489],[39.636717,24.508437],[39.637461,24.508124],[39.638098,24.507813],[39.63832,24.507742],[39.63918,24.507408],[39.639573,24.507188],[39.640039,24.506682],[39.640898,24.5068],[39.64155,24.507188],[39.641437,24.507813],[39.641314,24.508437],[39.641204,24.509062],[39.641758,24.509477],[39.642354,24.509062],[39.642617,24.508893],[39.643188,24.508437],[39.643477,24.508191],[39.643791,24.507813],[39.644336,24.507393],[39.644795,24.507188],[39.645195,24.506789],[39.645413,24.506563],[39.646055,24.506107],[39.646497,24.505937],[39.646914,24.505791],[39.647773,24.505855],[39.648347,24.505312],[39.648633,24.504962],[39.648966,24.505312],[39.648805,24.505937],[39.648963,24.506563],[39.64897,24.507188],[39.649492,24.507386],[39.650352,24.507685],[39.650554,24.507813],[39.650908,24.508437],[39.65055,24.509062],[39.650352,24.50933],[39.650042,24.509687],[39.649492,24.509944],[39.648633,24.510019],[39.647773,24.510064],[39.647056,24.510313],[39.646914,24.510401],[39.6462,24.510938],[39.64632,24.511563],[39.646055,24.511954],[39.645852,24.512187],[39.645203,24.512812],[39.645195,24.512821],[39.644529,24.513437],[39.64442,24.514063],[39.644336,24.514207],[39.644129,24.514688],[39.643477,24.515312],[39.643476,24.515313],[39.643201,24.515937],[39.642997,24.516562],[39.642617,24.5169],[39.642467,24.517187],[39.64238,24.517812],[39.642617,24.517972],[39.643111,24.518438],[39.643123,24.519063],[39.642617,24.519484],[39.641915,24.519063],[39.641758,24.518854],[39.640898,24.518777],[39.64055,24.519063],[39.640039,24.519419],[39.63918,24.51954],[39.63832,24.519624],[39.638185,24.519687],[39.638014,24.520312],[39.637777,24.520937],[39.637461,24.521015],[39.637312,24.520937],[39.636602,24.520497],[39.63576,24.520937],[39.635742,24.520951],[39.635027,24.521562],[39.634883,24.521713],[39.634504,24.522188],[39.634023,24.522699],[39.633871,24.522813],[39.633463,24.523438],[39.633167,24.524062],[39.633164,24.524152],[39.633159,24.524062],[39.632815,24.523438],[39.632305,24.522866],[39.631445,24.523054],[39.630724,24.523438],[39.630586,24.523497],[39.62992,24.524062],[39.629727,24.524476],[39.629642,24.524687],[39.629082,24.525312],[39.628867,24.525543],[39.628549,24.525937],[39.62834,24.526563],[39.628008,24.526978],[39.627789,24.527188],[39.627148,24.527477],[39.626544,24.527812],[39.626289,24.528117],[39.625974,24.528437],[39.62543,24.528863],[39.625023,24.529062],[39.62457,24.529281],[39.62384,24.529687],[39.623711,24.529756],[39.622852,24.530231],[39.622584,24.530313],[39.621992,24.530678],[39.621699,24.530938],[39.621133,24.531456],[39.621018,24.531562],[39.620273,24.532035],[39.620051,24.532187],[39.619414,24.532673],[39.619285,24.532812],[39.619077,24.533437],[39.618555,24.534032],[39.618533,24.534063],[39.618143,24.534688],[39.617695,24.535216],[39.617599,24.535312],[39.617001,24.535937],[39.617191,24.536562],[39.617695,24.537185],[39.617697,24.537187],[39.6177,24.537812],[39.617695,24.537815],[39.616836,24.538233],[39.616432,24.538438],[39.615977,24.539009],[39.615957,24.539063],[39.615554,24.539687],[39.615117,24.540032],[39.614629,24.540312],[39.614258,24.540564],[39.613877,24.540937],[39.613398,24.541335],[39.612539,24.541562],[39.61168,24.541551],[39.61082,24.54139],[39.609961,24.541292],[39.60945,24.540937],[39.60911,24.540312],[39.609102,24.540178],[39.60905,24.539687],[39.609097,24.539063],[39.609102,24.539035],[39.609195,24.538438],[39.609102,24.538302],[39.608857,24.537812],[39.608523,24.537187],[39.608508,24.536562],[39.608242,24.536194],[39.608152,24.535937],[39.608024,24.535312],[39.607383,24.534811],[39.606523,24.534758],[39.606426,24.534688],[39.605664,24.53422],[39.604939,24.534688],[39.604805,24.534785],[39.603945,24.534742],[39.603086,24.53513],[39.602584,24.535312],[39.602341,24.535937],[39.602227,24.536243],[39.601949,24.536562],[39.601497,24.537187],[39.601367,24.537343],[39.600728,24.537812],[39.600508,24.538116],[39.600359,24.538438],[39.600135,24.539063],[39.599935,24.539687],[39.599648,24.539935],[39.59895,24.540312],[39.598789,24.540613],[39.598503,24.540312],[39.598346,24.539687],[39.59793,24.539142],[39.597892,24.539063],[39.597864,24.538438],[39.597583,24.537812],[39.597615,24.537187],[39.597835,24.536562],[39.59793,24.536448],[39.598789,24.536109],[39.598993,24.535937],[39.598996,24.535312],[39.599322,24.534688],[39.599648,24.534283],[39.599757,24.534063],[39.599974,24.533437],[39.599867,24.532812],[39.60007,24.532187],[39.600028,24.531562],[39.59975,24.530938],[39.599648,24.530779],[39.599484,24.530313],[39.598998,24.529687],[39.598955,24.529062],[39.599407,24.528437],[39.599648,24.528055],[39.599772,24.527812],[39.600351,24.527188],[39.600508,24.526748],[39.60055,24.526563],[39.60073,24.525937],[39.600853,24.525312],[39.601128,24.524687],[39.601367,24.524065],[39.601368,24.524062],[39.601715,24.523438],[39.602227,24.522851],[39.602257,24.522813],[39.602442,24.522188],[39.602985,24.521562],[39.603086,24.52149],[39.603844,24.520937],[39.603945,24.520813],[39.604154,24.520312],[39.604505,24.519687],[39.604805,24.519304],[39.605104,24.519063],[39.605631,24.518438],[39.605664,24.51841],[39.606174,24.517812],[39.606523,24.517386],[39.606713,24.517187],[39.60684,24.516562],[39.607111,24.515937],[39.607209,24.515313],[39.607383,24.514893],[39.607489,24.514688],[39.607528,24.514063],[39.607685,24.513437],[39.608242,24.513004],[39.608943,24.513437],[39.609102,24.513539],[39.609961,24.513478],[39.61082,24.513855],[39.610946,24.514063],[39.610929,24.514688],[39.61082,24.514821],[39.609971,24.515313],[39.609961,24.515331],[39.609734,24.515937],[39.609102,24.516414],[39.608909,24.516562],[39.609102,24.516881],[39.609961,24.517064],[39.61029,24.517187],[39.61082,24.517383],[39.611621,24.517812],[39.61168,24.517841],[39.612081,24.517812],[39.612539,24.517786],[39.612657,24.517812],[39.613131,24.518438],[39.613398,24.518859],[39.613511,24.519063],[39.614022,24.519687],[39.613942,24.520312],[39.61355,24.520937],[39.613398,24.521128],[39.612983,24.521562],[39.612539,24.521947],[39.612265,24.522188],[39.61168,24.522702],[39.611585,24.522813],[39.61168,24.523051],[39.611835,24.522813],[39.612539,24.522391],[39.613382,24.522813],[39.613398,24.522821],[39.613426,24.522813],[39.614093,24.522188],[39.614258,24.522125],[39.61472,24.521562],[39.615023,24.520937],[39.615062,24.520312],[39.615117,24.519946],[39.61514,24.519687],[39.615405,24.519063],[39.615843,24.518438],[39.615977,24.518318],[39.616668,24.517812],[39.616836,24.517607],[39.61739,24.517187],[39.617695,24.516783],[39.617996,24.517187],[39.618356,24.517812],[39.618555,24.518089],[39.618976,24.517812],[39.61912,24.517187],[39.619414,24.517025],[39.620157,24.516562],[39.620273,24.516281],[39.620582,24.515937],[39.620273,24.515812],[39.619895,24.515313],[39.619739,24.514688],[39.619846,24.514063],[39.620273,24.513464],[39.621133,24.513778],[39.621831,24.514063],[39.621992,24.514129],[39.622066,24.514063],[39.621992,24.513958],[39.621572,24.513437],[39.621429,24.512812],[39.621143,24.512187],[39.621133,24.512175],[39.620306,24.511563],[39.620273,24.511542],[39.619414,24.511063],[39.619178,24.510938],[39.618968,24.510313],[39.619414,24.509784],[39.619514,24.509687],[39.620127,24.509062],[39.62021,24.508437],[39.619761,24.507813],[39.620273,24.507384],[39.620523,24.507188],[39.621114,24.506563],[39.621133,24.506543],[39.621992,24.506551],[39.622488,24.505937],[39.622852,24.505418],[39.623202,24.505937],[39.623711,24.506215],[39.62457,24.506552],[39.625236,24.505937],[39.62543,24.505667],[39.625875,24.505312],[39.626289,24.504701],[39.626296,24.504687],[39.626547,24.504062],[39.626767,24.503438],[39.627148,24.503002],[39.627499,24.502813],[39.628008,24.502572],[39.628867,24.50278],[39.629727,24.502454],[39.630161,24.502188],[39.630586,24.501865],[39.630979,24.501562],[39.631445,24.501194],[39.631762,24.500937],[39.632305,24.50048],[39.633164,24.500322],[39.633194,24.500312],[39.634023,24.500108],[39.634883,24.500049],[39.635675,24.499688],[39.635742,24.499617],[39.635815,24.499688]]]]}},{"type":"Feature","properties":{"elev_absolute":768,"min_height":150,"height":180},"geometry":{"type":"MultiPolygon","coordinates":[[[[39.597372,24.542813],[39.59707,24.542953],[39.596923,24.542813],[39.59707,24.542659],[39.597372,24.542813]]],[[[39.621247,24.514688],[39.621133,24.515039],[39.620753,24.514688],[39.621133,24.514645],[39.621247,24.514688]]],[[[39.610028,24.514063],[39.610263,24.514688],[39.609961,24.514884],[39.609182,24.515313],[39.609102,24.515452],[39.608242,24.515885],[39.607623,24.515313],[39.60784,24.514688],[39.607973,24.514063],[39.608242,24.513485],[39.609102,24.514009],[39.609961,24.514029],[39.610028,24.514063]]],[[[39.634884,24.500937],[39.634883,24.500939],[39.634075,24.501562],[39.634023,24.501611],[39.633483,24.502188],[39.633164,24.502517],[39.632788,24.502813],[39.632305,24.503411],[39.63229,24.503438],[39.631736,24.504062],[39.631445,24.504335],[39.631144,24.504687],[39.630939,24.505312],[39.631106,24.505937],[39.631445,24.506285],[39.632305,24.505998],[39.632381,24.505937],[39.633164,24.505413],[39.633285,24.505312],[39.634023,24.504836],[39.6342,24.504687],[39.634883,24.504134],[39.635031,24.504062],[39.635742,24.50363],[39.63604,24.503438],[39.636602,24.503057],[39.637049,24.502813],[39.637461,24.502665],[39.637846,24.502813],[39.637705,24.503438],[39.637654,24.504062],[39.637546,24.504687],[39.637461,24.504978],[39.637339,24.505312],[39.637127,24.505937],[39.636602,24.506554],[39.636595,24.506563],[39.636294,24.507188],[39.635742,24.507652],[39.634883,24.507804],[39.634873,24.507813],[39.634673,24.508437],[39.634304,24.509062],[39.634023,24.509369],[39.633514,24.509687],[39.634023,24.509956],[39.634883,24.509941],[39.635355,24.509687],[39.635742,24.509411],[39.636492,24.509062],[39.636602,24.509014],[39.637461,24.508594],[39.637726,24.508437],[39.63832,24.508116],[39.639042,24.507813],[39.63918,24.50776],[39.640039,24.507296],[39.64086,24.507813],[39.640729,24.508437],[39.640611,24.509062],[39.640547,24.509687],[39.640868,24.510313],[39.640898,24.51033],[39.640921,24.510313],[39.641758,24.509908],[39.642263,24.509687],[39.642617,24.50944],[39.643077,24.509062],[39.643477,24.508747],[39.643696,24.508437],[39.644301,24.507813],[39.644336,24.507786],[39.645195,24.507347],[39.645544,24.507188],[39.646055,24.506705],[39.646338,24.506563],[39.646914,24.506316],[39.647773,24.506412],[39.648161,24.506563],[39.648305,24.507188],[39.648633,24.507447],[39.649492,24.507779],[39.649585,24.507813],[39.650352,24.50836],[39.650402,24.508437],[39.650352,24.508535],[39.650125,24.509062],[39.649537,24.509687],[39.649492,24.509709],[39.648633,24.509797],[39.647773,24.509771],[39.646914,24.50989],[39.646055,24.510172],[39.645851,24.510313],[39.645713,24.510938],[39.645642,24.511563],[39.645195,24.512182],[39.645193,24.512187],[39.644336,24.512699],[39.644217,24.512812],[39.644115,24.513437],[39.644041,24.514063],[39.643616,24.514688],[39.643477,24.514821],[39.642709,24.515313],[39.642617,24.515625],[39.642516,24.515937],[39.641987,24.516562],[39.641783,24.517187],[39.641758,24.517258],[39.641439,24.517812],[39.640898,24.518098],[39.640351,24.518438],[39.640039,24.51869],[39.63918,24.51895],[39.63832,24.518914],[39.637461,24.51904],[39.637426,24.519063],[39.637096,24.519687],[39.636602,24.519987],[39.635742,24.52022],[39.635589,24.520312],[39.634883,24.520876],[39.634801,24.520937],[39.634156,24.521562],[39.634023,24.521695],[39.633479,24.522188],[39.633164,24.522419],[39.632305,24.522336],[39.631445,24.522431],[39.630586,24.522608],[39.630234,24.522813],[39.629727,24.523245],[39.629546,24.523438],[39.629151,24.524062],[39.628883,24.524687],[39.628867,24.524703],[39.628064,24.525312],[39.628008,24.525392],[39.627713,24.525937],[39.62729,24.526563],[39.627148,24.526704],[39.626614,24.527188],[39.626289,24.527348],[39.625746,24.527812],[39.62543,24.528105],[39.624898,24.528437],[39.62457,24.528616],[39.623711,24.528886],[39.623463,24.529062],[39.622927,24.529687],[39.622852,24.529731],[39.621992,24.530014],[39.621382,24.530313],[39.621133,24.530525],[39.620729,24.530938],[39.620273,24.531329],[39.619837,24.531562],[39.619414,24.531849],[39.619087,24.532187],[39.618555,24.53281],[39.618553,24.532812],[39.618185,24.533437],[39.617695,24.534057],[39.617691,24.534063],[39.617374,24.534688],[39.616836,24.535187],[39.616748,24.535312],[39.616323,24.535937],[39.616512,24.536562],[39.616836,24.53688],[39.617124,24.537187],[39.616836,24.53754],[39.615977,24.53779],[39.615939,24.537812],[39.61564,24.538438],[39.615326,24.539063],[39.615117,24.539293],[39.614735,24.539687],[39.614258,24.539994],[39.61358,24.540312],[39.613398,24.540488],[39.612642,24.540937],[39.612539,24.540977],[39.61168,24.540951],[39.611604,24.540937],[39.61082,24.54083],[39.609961,24.540752],[39.609576,24.540312],[39.60969,24.539687],[39.609757,24.539063],[39.609951,24.538438],[39.609402,24.537812],[39.609102,24.537485],[39.608908,24.537187],[39.6089,24.536562],[39.608598,24.535937],[39.608242,24.535567],[39.608184,24.535312],[39.607393,24.534688],[39.607383,24.534681],[39.606523,24.534417],[39.605664,24.534103],[39.605017,24.534063],[39.604805,24.534019],[39.604482,24.534063],[39.603945,24.53418],[39.603469,24.534688],[39.603086,24.534864],[39.602227,24.535151],[39.601889,24.535312],[39.601548,24.535937],[39.601367,24.536141],[39.601136,24.536562],[39.600952,24.537187],[39.600508,24.537512],[39.600142,24.537812],[39.599835,24.538438],[39.599648,24.53894],[39.59952,24.539063],[39.598789,24.539429],[39.598487,24.539063],[39.598355,24.538438],[39.59823,24.537812],[39.59793,24.537201],[39.597925,24.537187],[39.59793,24.537175],[39.598789,24.536563],[39.59879,24.536562],[39.599531,24.535937],[39.599491,24.535312],[39.599648,24.535077],[39.599963,24.534688],[39.600179,24.534063],[39.600467,24.533437],[39.600335,24.532812],[39.600435,24.532187],[39.600353,24.531562],[39.600508,24.531018],[39.600534,24.530938],[39.600508,24.530595],[39.600435,24.530313],[39.599648,24.530021],[39.599376,24.529687],[39.599364,24.529062],[39.599648,24.528705],[39.599848,24.528437],[39.600179,24.527812],[39.600508,24.527483],[39.600715,24.527188],[39.600913,24.526563],[39.601102,24.525937],[39.601313,24.525312],[39.601367,24.525196],[39.601591,24.524687],[39.60181,24.524062],[39.602187,24.523438],[39.602227,24.523392],[39.602686,24.522813],[39.602956,24.522188],[39.603086,24.522045],[39.603945,24.521603],[39.604023,24.521562],[39.604434,24.520937],[39.604523,24.520312],[39.604805,24.51994],[39.60514,24.519687],[39.605664,24.51928],[39.605826,24.519063],[39.606193,24.518438],[39.606523,24.517992],[39.606736,24.517812],[39.607246,24.517187],[39.60725,24.516562],[39.607383,24.516186],[39.607828,24.516562],[39.608242,24.516796],[39.608574,24.517187],[39.609102,24.517664],[39.609961,24.5177],[39.610277,24.517812],[39.609961,24.518249],[39.609904,24.518438],[39.609961,24.518514],[39.61082,24.518839],[39.611545,24.518438],[39.61168,24.51841],[39.612231,24.518438],[39.612539,24.518462],[39.61293,24.519063],[39.613395,24.519687],[39.613398,24.519696],[39.613582,24.520312],[39.613398,24.520564],[39.613114,24.520937],[39.612539,24.521431],[39.612362,24.521562],[39.61168,24.522113],[39.611561,24.522188],[39.611021,24.522813],[39.61082,24.523034],[39.609961,24.523393],[39.609896,24.523438],[39.609961,24.523907],[39.610002,24.524062],[39.609961,24.524107],[39.609815,24.524687],[39.609961,24.524908],[39.610639,24.524687],[39.61082,24.524595],[39.611399,24.524062],[39.61168,24.52387],[39.612183,24.523438],[39.612539,24.523009],[39.613398,24.523431],[39.613444,24.523438],[39.614258,24.523565],[39.614659,24.523438],[39.61464,24.522813],[39.614744,24.522188],[39.615117,24.521804],[39.615384,24.521562],[39.615611,24.520937],[39.615557,24.520312],[39.615675,24.519687],[39.615854,24.519063],[39.615977,24.518898],[39.616836,24.518703],[39.617695,24.518561],[39.618555,24.519031],[39.618596,24.519063],[39.618829,24.519687],[39.619414,24.520125],[39.620234,24.519687],[39.620273,24.519642],[39.620634,24.519063],[39.620273,24.518675],[39.620025,24.518438],[39.619854,24.517812],[39.620273,24.517408],[39.620653,24.517187],[39.621133,24.516616],[39.621343,24.516562],[39.621992,24.5164],[39.622311,24.515937],[39.621992,24.515617],[39.621208,24.515313],[39.621992,24.514967],[39.622852,24.514884],[39.623406,24.514688],[39.62297,24.514063],[39.622852,24.513966],[39.622406,24.513437],[39.622106,24.512812],[39.621992,24.512647],[39.621682,24.512187],[39.621171,24.511563],[39.621133,24.511545],[39.620273,24.510987],[39.620182,24.510938],[39.619502,24.510313],[39.620167,24.509687],[39.620273,24.509584],[39.620645,24.509062],[39.620696,24.508437],[39.620433,24.507813],[39.621133,24.507282],[39.621757,24.507188],[39.621992,24.50713],[39.622851,24.506563],[39.622852,24.506561],[39.623711,24.506482],[39.623914,24.506563],[39.624357,24.507188],[39.62457,24.507339],[39.62543,24.507301],[39.625573,24.507188],[39.625849,24.506563],[39.625811,24.505937],[39.626289,24.505558],[39.626494,24.505312],[39.626814,24.504687],[39.627036,24.504062],[39.627148,24.503715],[39.627547,24.503438],[39.628008,24.503247],[39.628867,24.503233],[39.629721,24.502813],[39.629727,24.50281],[39.630586,24.502303],[39.630717,24.502188],[39.631445,24.501632],[39.631623,24.501562],[39.632305,24.50096],[39.632341,24.500937],[39.633164,24.500705],[39.634023,24.500449],[39.634883,24.50092],[39.634884,24.500937]],[[39.632305,24.510897],[39.632278,24.510938],[39.632305,24.510965],[39.632404,24.510938],[39.632305,24.510897]]]]}},{"type":"Feature","properties":{"elev_absolute":798,"min_height":180,"height":210},"geometry":{"type":"MultiPolygon","coordinates":[[[[39.601195,24.535312],[39.600797,24.535937],[39.60056,24.536562],[39.600508,24.53675],[39.600332,24.537187],[39.599648,24.537801],[39.599585,24.537812],[39.598789,24.538292],[39.598696,24.537812],[39.598563,24.537187],[39.598789,24.537025],[39.599622,24.536562],[39.599648,24.536538],[39.600213,24.535937],[39.600041,24.535312],[39.600508,24.534748],[39.601195,24.535312]]],[[[39.60875,24.514688],[39.608242,24.515274],[39.608192,24.514688],[39.608242,24.51452],[39.60875,24.514688]]],[[[39.632896,24.502188],[39.632305,24.502651],[39.63216,24.502813],[39.631813,24.503438],[39.631445,24.503827],[39.631174,24.504062],[39.630707,24.504687],[39.630586,24.504891],[39.630178,24.505312],[39.630312,24.505937],[39.630362,24.506563],[39.630586,24.507018],[39.631445,24.506934],[39.632305,24.506564],[39.632307,24.506563],[39.633096,24.505937],[39.633164,24.505892],[39.633866,24.505312],[39.634023,24.505211],[39.634646,24.504687],[39.634883,24.504496],[39.635742,24.504111],[39.636602,24.504259],[39.636625,24.504687],[39.636825,24.505312],[39.636738,24.505937],[39.636602,24.506097],[39.636218,24.506563],[39.635968,24.507188],[39.635742,24.507378],[39.634883,24.50755],[39.634579,24.507813],[39.634348,24.508437],[39.634023,24.508873],[39.633637,24.509062],[39.633164,24.509357],[39.632844,24.509687],[39.632305,24.510098],[39.631917,24.510313],[39.631461,24.510938],[39.631445,24.510983],[39.631326,24.511563],[39.630928,24.512187],[39.630586,24.512697],[39.630419,24.512812],[39.630586,24.512866],[39.630641,24.512812],[39.631445,24.512383],[39.63202,24.512187],[39.632305,24.511877],[39.632926,24.511563],[39.633164,24.511484],[39.63366,24.510938],[39.634023,24.510489],[39.634883,24.510412],[39.63508,24.510313],[39.635742,24.510046],[39.63625,24.509687],[39.636602,24.509514],[39.637373,24.509062],[39.637461,24.509019],[39.63832,24.508515],[39.638472,24.508437],[39.63918,24.508134],[39.639858,24.507813],[39.640039,24.507717],[39.640191,24.507813],[39.640191,24.508437],[39.640154,24.509062],[39.640039,24.509424],[39.639959,24.509687],[39.639987,24.510313],[39.640035,24.510938],[39.640039,24.510947],[39.640085,24.510938],[39.640898,24.510865],[39.641611,24.510313],[39.641758,24.510242],[39.642617,24.509837],[39.642895,24.509687],[39.643477,24.509223],[39.643573,24.509062],[39.644062,24.508437],[39.644336,24.508159],[39.644862,24.507813],[39.645195,24.507639],[39.646055,24.507267],[39.646306,24.507188],[39.646914,24.506885],[39.647773,24.507117],[39.647818,24.507188],[39.648547,24.507813],[39.648633,24.507835],[39.649492,24.508261],[39.649738,24.508437],[39.649707,24.509062],[39.649492,24.509288],[39.648633,24.50952],[39.647773,24.509403],[39.646914,24.509394],[39.646317,24.509687],[39.646055,24.509789],[39.645296,24.510313],[39.645282,24.510938],[39.645195,24.511123],[39.644972,24.511563],[39.644689,24.512187],[39.644336,24.512398],[39.643902,24.512812],[39.643818,24.513437],[39.643705,24.514063],[39.643477,24.514364],[39.642988,24.514688],[39.642617,24.514929],[39.642049,24.515313],[39.641758,24.515825],[39.641695,24.515937],[39.641384,24.516562],[39.641252,24.517187],[39.640898,24.517546],[39.64033,24.517812],[39.640039,24.517987],[39.63918,24.518347],[39.63832,24.518303],[39.637461,24.518378],[39.637253,24.518438],[39.636602,24.518835],[39.636443,24.519063],[39.635873,24.519687],[39.635742,24.519713],[39.634883,24.520213],[39.634667,24.520312],[39.634023,24.520805],[39.633864,24.520937],[39.633164,24.521452],[39.632888,24.521562],[39.632305,24.521734],[39.631445,24.521871],[39.630586,24.522029],[39.630335,24.522188],[39.629727,24.522532],[39.629347,24.522813],[39.628867,24.523341],[39.628789,24.523438],[39.628418,24.524062],[39.628036,24.524687],[39.628008,24.524709],[39.627328,24.525312],[39.627148,24.525608],[39.626913,24.525937],[39.626289,24.526495],[39.626219,24.526563],[39.62574,24.527188],[39.62543,24.52745],[39.624886,24.527812],[39.62457,24.528015],[39.623711,24.528148],[39.62314,24.528437],[39.622852,24.528642],[39.622525,24.529062],[39.621992,24.529506],[39.62162,24.529687],[39.621133,24.529906],[39.620273,24.530298],[39.620252,24.530313],[39.619796,24.530938],[39.619414,24.531149],[39.618878,24.531562],[39.618555,24.53189],[39.618335,24.532187],[39.617768,24.532812],[39.617695,24.532941],[39.61748,24.533437],[39.617047,24.534063],[39.616836,24.534405],[39.616676,24.534688],[39.616267,24.535312],[39.615977,24.535679],[39.615784,24.535937],[39.615897,24.536562],[39.615977,24.536791],[39.616255,24.537187],[39.615977,24.537303],[39.615141,24.537812],[39.615135,24.538438],[39.615117,24.538468],[39.614671,24.539063],[39.614258,24.539486],[39.614027,24.539687],[39.613398,24.539999],[39.612721,24.540312],[39.612539,24.54043],[39.61168,24.540423],[39.61082,24.540372],[39.610449,24.540312],[39.610231,24.539687],[39.610336,24.539063],[39.61053,24.538438],[39.609961,24.537829],[39.609946,24.537812],[39.609375,24.537187],[39.609247,24.536562],[39.609184,24.535937],[39.609102,24.53576],[39.608673,24.535312],[39.608242,24.534878],[39.608058,24.534688],[39.607383,24.534273],[39.606877,24.534063],[39.606523,24.533944],[39.605664,24.533677],[39.604805,24.53364],[39.60437,24.533437],[39.603945,24.533149],[39.603672,24.533437],[39.603496,24.534063],[39.603086,24.534491],[39.602726,24.534688],[39.602227,24.534836],[39.601367,24.53519],[39.600589,24.534688],[39.600598,24.534063],[39.600902,24.533437],[39.600895,24.532812],[39.601024,24.532187],[39.60076,24.531562],[39.600911,24.530938],[39.600858,24.530313],[39.600508,24.530031],[39.599815,24.529687],[39.59976,24.529062],[39.60023,24.528437],[39.600508,24.527942],[39.600567,24.527812],[39.601001,24.527188],[39.601277,24.526563],[39.601367,24.526271],[39.601451,24.525937],[39.601634,24.525312],[39.602026,24.524687],[39.602227,24.524134],[39.602259,24.524062],[39.602881,24.523438],[39.603086,24.522931],[39.603121,24.522813],[39.603692,24.522188],[39.603945,24.522048],[39.604805,24.521591],[39.604831,24.521562],[39.60493,24.520937],[39.604931,24.520312],[39.605664,24.519765],[39.605793,24.519687],[39.606202,24.519063],[39.606523,24.518639],[39.606927,24.518438],[39.607383,24.518046],[39.608242,24.517919],[39.609102,24.518377],[39.609161,24.518438],[39.609441,24.519063],[39.609961,24.519325],[39.61082,24.519648],[39.61168,24.519083],[39.612539,24.519307],[39.612836,24.519687],[39.61318,24.520312],[39.61274,24.520937],[39.612539,24.521109],[39.611929,24.521562],[39.61168,24.521764],[39.611004,24.522188],[39.61082,24.522399],[39.61023,24.522813],[39.609961,24.522944],[39.609244,24.523438],[39.609463,24.524062],[39.609477,24.524687],[39.609102,24.52506],[39.608565,24.525312],[39.608242,24.525625],[39.608015,24.525937],[39.607383,24.52652],[39.607269,24.526563],[39.60711,24.527188],[39.607383,24.527237],[39.607422,24.527188],[39.607815,24.526563],[39.608242,24.526458],[39.60876,24.525937],[39.609102,24.52576],[39.609961,24.525436],[39.610109,24.525312],[39.61082,24.524983],[39.611396,24.524687],[39.61168,24.524443],[39.612436,24.524062],[39.612539,24.523963],[39.613247,24.524062],[39.613398,24.524073],[39.614258,24.524206],[39.614749,24.524062],[39.615117,24.52394],[39.6159,24.523438],[39.615326,24.522813],[39.61532,24.522188],[39.615977,24.521567],[39.615981,24.521562],[39.616146,24.520937],[39.616028,24.520312],[39.616361,24.519687],[39.616836,24.519363],[39.617695,24.519179],[39.618167,24.519687],[39.617962,24.520312],[39.618555,24.520922],[39.619414,24.520653],[39.620273,24.520555],[39.620598,24.520312],[39.620973,24.519687],[39.621133,24.519401],[39.621307,24.519063],[39.621215,24.518438],[39.621176,24.517812],[39.621992,24.517357],[39.622403,24.517187],[39.622852,24.516912],[39.62356,24.516562],[39.623116,24.515937],[39.622861,24.515313],[39.623711,24.515142],[39.624552,24.514688],[39.624115,24.514063],[39.623711,24.513897],[39.62313,24.513437],[39.622852,24.513115],[39.62266,24.512812],[39.62218,24.512187],[39.621992,24.511731],[39.621881,24.511563],[39.621133,24.511231],[39.620698,24.510938],[39.620273,24.510526],[39.620026,24.510313],[39.620273,24.510087],[39.620654,24.509687],[39.621099,24.509062],[39.621133,24.508783],[39.621173,24.508437],[39.621133,24.50834],[39.620899,24.507813],[39.621133,24.507635],[39.621992,24.50746],[39.622852,24.507283],[39.623195,24.507188],[39.623711,24.506957],[39.623898,24.507188],[39.62457,24.507664],[39.62543,24.507698],[39.626073,24.507188],[39.626289,24.506573],[39.626293,24.506563],[39.626503,24.505937],[39.626961,24.505312],[39.627148,24.504982],[39.627303,24.504687],[39.62771,24.504062],[39.628008,24.503849],[39.628867,24.503695],[39.629377,24.503438],[39.629727,24.503266],[39.630447,24.502813],[39.630586,24.50273],[39.631203,24.502188],[39.631445,24.502002],[39.632305,24.501715],[39.632896,24.502188]]],[[[39.63325,24.501562],[39.633164,24.50169],[39.632936,24.501562],[39.633164,24.501434],[39.63325,24.501562]]],[[[39.634114,24.500937],[39.634023,24.501009],[39.633826,24.500937],[39.634023,24.500886],[39.634114,24.500937]]]]}},{"type":"Feature","properties":{"elev_absolute":828,"min_height":210,"height":240},"geometry":{"type":"MultiPolygon","coordinates":[[[[39.631032,24.503438],[39.630593,24.504062],[39.630586,24.504073],[39.630277,24.504687],[39.629727,24.505175],[39.62952,24.505312],[39.629491,24.505937],[39.629707,24.506563],[39.629727,24.506786],[39.629771,24.507188],[39.630586,24.507675],[39.631445,24.507402],[39.631895,24.507188],[39.632305,24.506973],[39.632874,24.506563],[39.633164,24.506337],[39.633678,24.505937],[39.634023,24.505653],[39.63442,24.505312],[39.634883,24.50491],[39.635742,24.504951],[39.636096,24.505312],[39.636205,24.505937],[39.635842,24.506563],[39.635742,24.506852],[39.63538,24.507188],[39.634883,24.507295],[39.634285,24.507813],[39.634024,24.508437],[39.634023,24.508438],[39.633164,24.508806],[39.63283,24.509062],[39.632307,24.509687],[39.632305,24.509689],[39.631445,24.51017],[39.631247,24.510313],[39.630983,24.510938],[39.630823,24.511563],[39.630586,24.51183],[39.630296,24.512187],[39.629727,24.512597],[39.629216,24.512812],[39.628867,24.513357],[39.628821,24.513437],[39.628582,24.514063],[39.628679,24.514688],[39.628867,24.51484],[39.628935,24.514688],[39.629154,24.514063],[39.629727,24.513765],[39.630586,24.513499],[39.630656,24.513437],[39.631295,24.512812],[39.631445,24.512732],[39.631905,24.512812],[39.632305,24.512924],[39.632438,24.512812],[39.633164,24.51233],[39.633365,24.512187],[39.634023,24.511725],[39.634372,24.511563],[39.634883,24.511207],[39.635264,24.510938],[39.635742,24.510656],[39.635998,24.510313],[39.636602,24.509879],[39.637042,24.509687],[39.637461,24.509432],[39.638145,24.509062],[39.63832,24.50896],[39.63918,24.508561],[39.639621,24.509062],[39.639522,24.509687],[39.639495,24.510313],[39.639539,24.510938],[39.639797,24.511563],[39.640039,24.512118],[39.640447,24.511563],[39.640898,24.511317],[39.641719,24.510938],[39.641758,24.510907],[39.64221,24.510313],[39.642617,24.510115],[39.643412,24.509687],[39.643477,24.509636],[39.64382,24.509062],[39.644336,24.508505],[39.64448,24.508437],[39.645195,24.507966],[39.645635,24.507813],[39.646055,24.507659],[39.646914,24.507412],[39.647452,24.507813],[39.647773,24.50811],[39.648633,24.50829],[39.648922,24.508437],[39.649014,24.509062],[39.648633,24.50919],[39.648008,24.509062],[39.647773,24.508941],[39.646914,24.508909],[39.646604,24.509062],[39.646055,24.509336],[39.645629,24.509687],[39.645195,24.509986],[39.644802,24.510313],[39.644716,24.510938],[39.6445,24.511563],[39.644336,24.511899],[39.644173,24.512187],[39.643586,24.512812],[39.64352,24.513437],[39.643477,24.513632],[39.643294,24.514063],[39.642617,24.514517],[39.64239,24.514688],[39.641758,24.515121],[39.641438,24.515313],[39.641063,24.515937],[39.640898,24.516459],[39.640877,24.516562],[39.6407,24.517187],[39.640039,24.517559],[39.63918,24.51779],[39.63832,24.517795],[39.638061,24.517812],[39.637461,24.51789],[39.636602,24.51814],[39.636204,24.518438],[39.635742,24.519032],[39.635708,24.519063],[39.634883,24.519609],[39.634768,24.519687],[39.634023,24.520077],[39.633586,24.520312],[39.633164,24.52065],[39.632623,24.520937],[39.632305,24.521094],[39.631445,24.521289],[39.630586,24.52141],[39.630233,24.521562],[39.629727,24.521878],[39.629517,24.522188],[39.628867,24.522665],[39.628584,24.522813],[39.628066,24.523438],[39.628008,24.523534],[39.627714,24.524062],[39.627296,24.524687],[39.627148,24.524819],[39.626645,24.525312],[39.626289,24.525731],[39.626071,24.525937],[39.625442,24.526563],[39.62543,24.52658],[39.625003,24.527188],[39.62457,24.52748],[39.623711,24.527624],[39.623099,24.527812],[39.622852,24.527939],[39.622332,24.528437],[39.621992,24.528852],[39.621696,24.529062],[39.621133,24.529343],[39.620679,24.529687],[39.620273,24.529901],[39.619657,24.530313],[39.619414,24.530552],[39.618717,24.530938],[39.618555,24.531065],[39.618235,24.531562],[39.617735,24.532187],[39.617695,24.53223],[39.617221,24.532812],[39.61688,24.533437],[39.616836,24.533499],[39.616543,24.534063],[39.616086,24.534688],[39.615977,24.534887],[39.615767,24.535312],[39.615332,24.535937],[39.615316,24.536562],[39.615117,24.536999],[39.615021,24.537187],[39.61467,24.537812],[39.614631,24.538438],[39.614258,24.53885],[39.614033,24.539063],[39.613398,24.53959],[39.613308,24.539687],[39.612539,24.540115],[39.61168,24.540123],[39.61082,24.539825],[39.610704,24.539687],[39.61082,24.539253],[39.610872,24.539063],[39.611043,24.538438],[39.610958,24.537812],[39.61082,24.537742],[39.609961,24.53723],[39.609922,24.537187],[39.609547,24.536562],[39.60951,24.535937],[39.609262,24.535312],[39.609102,24.535122],[39.608639,24.534688],[39.608242,24.534419],[39.607672,24.534063],[39.607383,24.533853],[39.606523,24.533615],[39.606114,24.533437],[39.605664,24.532938],[39.605471,24.532812],[39.604805,24.532275],[39.603945,24.532652],[39.603571,24.532812],[39.603146,24.533437],[39.603086,24.533627],[39.602739,24.534063],[39.602227,24.534327],[39.601367,24.534583],[39.601013,24.534063],[39.601332,24.533437],[39.601367,24.533272],[39.601485,24.532812],[39.601571,24.532187],[39.601367,24.531782],[39.601244,24.531562],[39.601288,24.530938],[39.601231,24.530313],[39.600508,24.529733],[39.600417,24.529687],[39.600127,24.529062],[39.600508,24.528567],[39.600592,24.528437],[39.600875,24.527812],[39.601288,24.527188],[39.601367,24.527018],[39.60169,24.526563],[39.601747,24.525937],[39.601936,24.525312],[39.602227,24.524912],[39.602474,24.524687],[39.602808,24.524062],[39.603086,24.523803],[39.603371,24.523438],[39.603651,24.522813],[39.603945,24.522533],[39.604427,24.522188],[39.604805,24.521978],[39.60519,24.521562],[39.605288,24.520937],[39.605458,24.520312],[39.605664,24.520158],[39.606452,24.519687],[39.606523,24.51942],[39.60676,24.519063],[39.607383,24.518804],[39.608242,24.518611],[39.608644,24.519063],[39.608964,24.519687],[39.609102,24.519741],[39.609961,24.519837],[39.61082,24.519981],[39.61168,24.519817],[39.612539,24.520009],[39.612736,24.520312],[39.612539,24.520617],[39.612114,24.520937],[39.61168,24.521268],[39.611221,24.521562],[39.61082,24.521785],[39.610432,24.522188],[39.609961,24.522522],[39.609102,24.522486],[39.608783,24.522813],[39.608726,24.523438],[39.608987,24.524062],[39.609102,24.524517],[39.609139,24.524687],[39.609102,24.524725],[39.608242,24.525118],[39.607926,24.525312],[39.607513,24.525937],[39.607383,24.526057],[39.606523,24.526352],[39.605781,24.526563],[39.605664,24.526628],[39.605303,24.527188],[39.604805,24.527803],[39.604795,24.527812],[39.604805,24.527821],[39.604824,24.527812],[39.605664,24.527518],[39.606523,24.527505],[39.607341,24.527812],[39.607383,24.527842],[39.607405,24.527812],[39.607908,24.527188],[39.608242,24.526918],[39.608824,24.526563],[39.609102,24.526323],[39.609961,24.526037],[39.610078,24.525937],[39.61082,24.525322],[39.61084,24.525312],[39.61168,24.524961],[39.612244,24.524687],[39.612539,24.524534],[39.613398,24.5246],[39.613854,24.524687],[39.614258,24.524722],[39.614499,24.524687],[39.615117,24.524489],[39.615977,24.524459],[39.616344,24.524062],[39.616342,24.523438],[39.61601,24.522813],[39.616045,24.522188],[39.616728,24.521562],[39.616611,24.520937],[39.616531,24.520312],[39.616836,24.519957],[39.61726,24.520312],[39.617142,24.520937],[39.617553,24.521562],[39.617695,24.521578],[39.617829,24.521562],[39.618555,24.521477],[39.619318,24.521562],[39.619414,24.521573],[39.619431,24.521562],[39.620273,24.521127],[39.620831,24.520937],[39.621133,24.520708],[39.62135,24.520312],[39.621992,24.519712],[39.622038,24.519687],[39.621992,24.519275],[39.621976,24.519063],[39.621794,24.518438],[39.621992,24.518063],[39.622323,24.517812],[39.622852,24.517596],[39.623711,24.517249],[39.623788,24.517187],[39.624501,24.516562],[39.62457,24.516377],[39.624718,24.515937],[39.625222,24.515313],[39.625342,24.514688],[39.624953,24.514063],[39.62457,24.513556],[39.624215,24.513437],[39.623711,24.513311],[39.623212,24.512812],[39.622852,24.512465],[39.622621,24.512187],[39.622369,24.511563],[39.621992,24.511239],[39.621199,24.510938],[39.621133,24.510851],[39.620757,24.510313],[39.621108,24.509687],[39.621133,24.509652],[39.621507,24.509062],[39.621603,24.508437],[39.621782,24.507813],[39.621992,24.507764],[39.622852,24.507634],[39.623508,24.507813],[39.623711,24.507995],[39.62457,24.50807],[39.625072,24.508437],[39.62543,24.508734],[39.625687,24.508437],[39.62618,24.507813],[39.626289,24.507717],[39.626642,24.507188],[39.626828,24.506563],[39.627148,24.505966],[39.627162,24.505937],[39.627402,24.505312],[39.627739,24.504687],[39.628008,24.504369],[39.628867,24.504206],[39.629029,24.504062],[39.629727,24.503686],[39.630343,24.503438],[39.630586,24.503291],[39.631032,24.503438]]],[[[39.631682,24.502813],[39.631445,24.50324],[39.631119,24.502813],[39.631445,24.502502],[39.631682,24.502813]]]]}},{"type":"Feature","properties":{"elev_absolute":858,"min_height":240,"height":270},"geometry":{"type":"MultiPolygon","coordinates":[[[[39.624128,24.509062],[39.623916,24.509687],[39.623711,24.509979],[39.623468,24.510313],[39.622852,24.510883],[39.621992,24.510778],[39.621547,24.510313],[39.621867,24.509687],[39.621911,24.509062],[39.621992,24.50864],[39.622443,24.509062],[39.622852,24.509247],[39.623078,24.509062],[39.623711,24.508781],[39.624128,24.509062]]],[[[39.646908,24.508437],[39.646055,24.508866],[39.645731,24.509062],[39.645195,24.509523],[39.645037,24.509687],[39.644336,24.510297],[39.643854,24.509687],[39.644067,24.509062],[39.644336,24.508772],[39.645053,24.508437],[39.645195,24.508344],[39.646055,24.50806],[39.646908,24.508437]]],[[[39.628952,24.505312],[39.628907,24.505937],[39.628965,24.506563],[39.628867,24.507131],[39.628854,24.507188],[39.628867,24.507207],[39.629207,24.507813],[39.629664,24.508437],[39.629727,24.508581],[39.629945,24.508437],[39.630586,24.508313],[39.631343,24.507813],[39.631445,24.507774],[39.632305,24.507358],[39.632648,24.507188],[39.633164,24.506816],[39.63344,24.506563],[39.634023,24.506109],[39.634322,24.505937],[39.634883,24.505418],[39.635531,24.505937],[39.635316,24.506563],[39.634883,24.506916],[39.634368,24.507188],[39.634023,24.507674],[39.633976,24.507813],[39.633164,24.508345],[39.632893,24.508437],[39.632305,24.508895],[39.632111,24.509062],[39.631606,24.509687],[39.631445,24.509777],[39.6307,24.510313],[39.630586,24.510668],[39.630485,24.510938],[39.630211,24.511563],[39.629836,24.512187],[39.629727,24.512266],[39.628867,24.512621],[39.628524,24.512812],[39.628122,24.513437],[39.628008,24.513632],[39.627729,24.514063],[39.627261,24.514688],[39.627594,24.515313],[39.627598,24.515937],[39.628008,24.516284],[39.628867,24.51616],[39.629144,24.515937],[39.629263,24.515313],[39.629546,24.514688],[39.629727,24.51441],[39.630586,24.514075],[39.630607,24.514063],[39.631312,24.513437],[39.631445,24.513307],[39.632072,24.513437],[39.632305,24.513473],[39.632385,24.513437],[39.633104,24.512812],[39.633164,24.512773],[39.633991,24.512187],[39.634023,24.512165],[39.634883,24.511792],[39.635352,24.511563],[39.635742,24.511287],[39.636015,24.510938],[39.636408,24.510313],[39.636602,24.510174],[39.637461,24.50982],[39.63786,24.509687],[39.63832,24.50946],[39.638895,24.509687],[39.639025,24.510313],[39.63904,24.510938],[39.63918,24.511242],[39.639318,24.511563],[39.639292,24.512187],[39.640039,24.512475],[39.640577,24.512187],[39.640898,24.511838],[39.641419,24.511563],[39.641758,24.511419],[39.642205,24.510938],[39.642617,24.510467],[39.642747,24.510313],[39.643477,24.509905],[39.644321,24.510313],[39.644193,24.510938],[39.644015,24.511563],[39.64363,24.512187],[39.643477,24.512377],[39.643203,24.512812],[39.643053,24.513437],[39.642727,24.514063],[39.642617,24.514137],[39.641882,24.514688],[39.641758,24.514773],[39.640898,24.515289],[39.640868,24.515313],[39.640664,24.515937],[39.64047,24.516562],[39.640094,24.517187],[39.640039,24.517218],[39.63918,24.517458],[39.63832,24.51753],[39.637461,24.517554],[39.636602,24.517672],[39.636237,24.517812],[39.635742,24.518191],[39.635544,24.518438],[39.634883,24.519003],[39.634822,24.519063],[39.634023,24.519619],[39.633911,24.519687],[39.633164,24.52011],[39.632597,24.520312],[39.632305,24.520474],[39.631445,24.520736],[39.630586,24.520915],[39.630522,24.520937],[39.629727,24.521286],[39.629242,24.521562],[39.629029,24.522188],[39.628867,24.522306],[39.628008,24.52276],[39.627903,24.522813],[39.627358,24.523438],[39.627148,24.523845],[39.62704,24.524062],[39.626518,24.524687],[39.626289,24.524926],[39.625934,24.525312],[39.62543,24.525777],[39.625299,24.525937],[39.624798,24.526563],[39.62457,24.526848],[39.623921,24.527188],[39.623711,24.52724],[39.622852,24.527575],[39.622173,24.527812],[39.621992,24.528003],[39.621757,24.528437],[39.621133,24.528887],[39.620824,24.529062],[39.620273,24.529477],[39.61993,24.529687],[39.619414,24.530025],[39.61896,24.530313],[39.618555,24.530552],[39.618234,24.530938],[39.617697,24.531562],[39.617695,24.531565],[39.617137,24.532187],[39.616836,24.532598],[39.616769,24.532812],[39.61657,24.533437],[39.616107,24.534063],[39.615977,24.534231],[39.615701,24.534688],[39.615239,24.535312],[39.615117,24.535503],[39.61486,24.535937],[39.614752,24.536562],[39.614371,24.537187],[39.614258,24.537578],[39.614198,24.537812],[39.614059,24.538438],[39.613444,24.539063],[39.613398,24.539101],[39.612854,24.539687],[39.612539,24.539862],[39.61168,24.539883],[39.611234,24.539687],[39.611358,24.539063],[39.611491,24.538438],[39.611641,24.537812],[39.61082,24.537393],[39.610487,24.537187],[39.609961,24.536744],[39.609847,24.536562],[39.609836,24.535937],[39.609699,24.535312],[39.609197,24.534688],[39.609102,24.534494],[39.608338,24.534063],[39.608242,24.534037],[39.607416,24.533437],[39.607383,24.53342],[39.606523,24.533169],[39.606165,24.532812],[39.60593,24.532187],[39.606022,24.531562],[39.605745,24.530938],[39.605664,24.530878],[39.60555,24.530938],[39.604805,24.531429],[39.604655,24.531562],[39.604065,24.532187],[39.603945,24.532247],[39.603086,24.532606],[39.60264,24.532812],[39.602517,24.533437],[39.602227,24.533703],[39.601943,24.533437],[39.601996,24.532812],[39.602007,24.532187],[39.60176,24.531562],[39.601787,24.530938],[39.601596,24.530313],[39.60168,24.529687],[39.601367,24.529331],[39.600508,24.52909],[39.600493,24.529062],[39.600508,24.529044],[39.600902,24.528437],[39.601184,24.527812],[39.601367,24.52753],[39.60184,24.527188],[39.602119,24.526563],[39.602042,24.525937],[39.602227,24.525348],[39.602239,24.525312],[39.602933,24.524687],[39.603086,24.524435],[39.603336,24.524062],[39.603772,24.523438],[39.603945,24.523128],[39.604292,24.522813],[39.604805,24.522445],[39.605108,24.522188],[39.605549,24.521562],[39.605647,24.520937],[39.605664,24.520892],[39.606155,24.520312],[39.606523,24.520101],[39.607378,24.519687],[39.607383,24.519683],[39.607424,24.519687],[39.608242,24.519752],[39.609102,24.520051],[39.609961,24.520234],[39.61082,24.520293],[39.61168,24.520179],[39.612022,24.520312],[39.61168,24.52057],[39.611219,24.520937],[39.61082,24.5212],[39.610453,24.521562],[39.609961,24.522075],[39.609102,24.521887],[39.608691,24.522188],[39.608248,24.522813],[39.608245,24.523438],[39.608602,24.524062],[39.608411,24.524687],[39.608242,24.524764],[39.607383,24.525286],[39.607302,24.525312],[39.606523,24.525763],[39.606184,24.525937],[39.605664,24.5261],[39.605229,24.526563],[39.604805,24.527051],[39.604678,24.527188],[39.603963,24.527812],[39.604494,24.528437],[39.604805,24.528539],[39.605006,24.528437],[39.605664,24.528082],[39.606457,24.528437],[39.606523,24.528482],[39.607383,24.528695],[39.607953,24.529062],[39.608242,24.529182],[39.608397,24.529062],[39.608407,24.528437],[39.608242,24.528373],[39.607947,24.527812],[39.608242,24.527415],[39.608611,24.527188],[39.609102,24.526923],[39.609961,24.526601],[39.610018,24.526563],[39.610764,24.525937],[39.61082,24.525891],[39.61168,24.52544],[39.611852,24.525312],[39.612539,24.524931],[39.613398,24.524951],[39.614258,24.524959],[39.615117,24.524863],[39.615977,24.525004],[39.616488,24.524687],[39.616812,24.524062],[39.616737,24.523438],[39.616391,24.522813],[39.616836,24.522287],[39.617332,24.522188],[39.617695,24.522102],[39.618555,24.521853],[39.619414,24.52213],[39.620273,24.521669],[39.620528,24.521562],[39.621133,24.521478],[39.621523,24.520937],[39.621914,24.520312],[39.621992,24.52024],[39.622852,24.51975],[39.623001,24.519687],[39.622852,24.519313],[39.622754,24.519063],[39.62266,24.518438],[39.622852,24.518294],[39.623552,24.517812],[39.623711,24.517742],[39.624408,24.517187],[39.62457,24.517049],[39.625118,24.516562],[39.62543,24.516023],[39.625496,24.515937],[39.625995,24.515313],[39.626289,24.514907],[39.62691,24.514688],[39.626289,24.51454],[39.625565,24.514063],[39.62543,24.513928],[39.625098,24.513437],[39.62457,24.513031],[39.623861,24.512812],[39.623711,24.512778],[39.623046,24.512187],[39.622852,24.511652],[39.622816,24.511563],[39.622852,24.511249],[39.623003,24.510938],[39.623711,24.510607],[39.623978,24.510313],[39.62457,24.510036],[39.62543,24.509877],[39.625905,24.509687],[39.625619,24.509062],[39.626152,24.508437],[39.626289,24.508283],[39.62673,24.507813],[39.627148,24.507299],[39.627304,24.507188],[39.627467,24.506563],[39.627643,24.505937],[39.627826,24.505312],[39.628008,24.504982],[39.628867,24.50509],[39.628952,24.505312]]],[[[39.62985,24.504687],[39.629727,24.504797],[39.629281,24.504687],[39.629727,24.504163],[39.62985,24.504687]]]]}},{"type":"Feature","properties":{"elev_absolute":888,"min_height":270,"height":300},"geometry":{"type":"MultiPolygon","coordinates":[[[[39.626935,24.510313],[39.626289,24.510891],[39.62579,24.510313],[39.626289,24.510137],[39.626935,24.510313]]],[[[39.643806,24.510313],[39.643803,24.510938],[39.643522,24.511563],[39.643477,24.511634],[39.643165,24.512187],[39.642785,24.512812],[39.642617,24.513291],[39.642549,24.513437],[39.642165,24.514063],[39.641758,24.514369],[39.641336,24.514688],[39.640898,24.514952],[39.640435,24.515313],[39.640346,24.515937],[39.640063,24.516562],[39.640039,24.5166],[39.63918,24.517136],[39.63885,24.517187],[39.63832,24.517265],[39.637461,24.517247],[39.636602,24.517229],[39.635742,24.517563],[39.63556,24.517812],[39.634883,24.518419],[39.634858,24.518438],[39.634206,24.519063],[39.634023,24.51919],[39.633211,24.519687],[39.633164,24.519714],[39.632305,24.520052],[39.631445,24.520263],[39.631192,24.520312],[39.630586,24.520512],[39.629727,24.5208],[39.629336,24.520937],[39.628867,24.521177],[39.628625,24.521562],[39.628471,24.522188],[39.628008,24.522439],[39.627265,24.522813],[39.627148,24.522942],[39.626871,24.523438],[39.626351,24.524062],[39.626289,24.524133],[39.626015,24.524687],[39.62543,24.5252],[39.62533,24.525312],[39.624729,24.525937],[39.62457,24.526126],[39.623863,24.526563],[39.623711,24.526649],[39.623079,24.527188],[39.622852,24.527279],[39.621992,24.52755],[39.621779,24.527812],[39.621277,24.528437],[39.621133,24.528541],[39.620273,24.529041],[39.620222,24.529062],[39.619414,24.529579],[39.619305,24.529687],[39.618555,24.530198],[39.61843,24.530313],[39.617857,24.530938],[39.617695,24.531125],[39.617315,24.531562],[39.616836,24.53201],[39.616689,24.532187],[39.616515,24.532812],[39.616283,24.533437],[39.615977,24.533815],[39.615756,24.534063],[39.615362,24.534688],[39.615117,24.53499],[39.614696,24.535312],[39.61437,24.535937],[39.614258,24.536358],[39.614199,24.536562],[39.613892,24.537187],[39.613622,24.537812],[39.613398,24.538269],[39.613222,24.538438],[39.612699,24.539063],[39.612539,24.539317],[39.612208,24.539063],[39.612118,24.538438],[39.612112,24.537812],[39.61168,24.53735],[39.611297,24.537187],[39.61082,24.536888],[39.610459,24.536562],[39.610235,24.535937],[39.610155,24.535312],[39.609961,24.534943],[39.609795,24.534688],[39.609454,24.534063],[39.609102,24.533688],[39.608242,24.533474],[39.608192,24.533437],[39.607383,24.532996],[39.606931,24.532812],[39.606523,24.532318],[39.606468,24.532187],[39.606477,24.531562],[39.606515,24.530938],[39.605664,24.530317],[39.604805,24.530624],[39.604535,24.530938],[39.603945,24.531472],[39.60379,24.531562],[39.603086,24.532176],[39.60238,24.531562],[39.602423,24.530938],[39.602227,24.530819],[39.601956,24.530313],[39.602063,24.529687],[39.602161,24.529062],[39.601367,24.528793],[39.601211,24.528437],[39.601367,24.528091],[39.601541,24.527812],[39.602227,24.527315],[39.602446,24.527188],[39.602533,24.526563],[39.60239,24.525937],[39.602583,24.525312],[39.603086,24.524883],[39.603325,24.524687],[39.603843,24.524062],[39.603945,24.523899],[39.60424,24.523438],[39.604805,24.522963],[39.604956,24.522813],[39.605664,24.522243],[39.605765,24.522188],[39.606103,24.521562],[39.606372,24.520937],[39.606523,24.520767],[39.607383,24.520899],[39.608242,24.520545],[39.609102,24.520471],[39.609933,24.520937],[39.609102,24.521234],[39.608619,24.521562],[39.608242,24.521838],[39.607699,24.522188],[39.607837,24.522813],[39.607759,24.523438],[39.608188,24.524062],[39.607624,24.524687],[39.607383,24.524827],[39.606523,24.525147],[39.606096,24.525312],[39.605664,24.525563],[39.605183,24.525937],[39.604805,24.526474],[39.604756,24.526563],[39.604184,24.527188],[39.603945,24.527394],[39.603326,24.527812],[39.603454,24.528437],[39.603945,24.529025],[39.604805,24.529023],[39.605664,24.528758],[39.606131,24.529062],[39.606523,24.529548],[39.606615,24.529687],[39.607383,24.529972],[39.608242,24.52989],[39.608934,24.529687],[39.609102,24.529558],[39.609453,24.529062],[39.609961,24.528483],[39.610018,24.528437],[39.609961,24.52839],[39.609102,24.5281],[39.608603,24.527812],[39.609102,24.527489],[39.609616,24.527188],[39.609961,24.527022],[39.610638,24.526563],[39.61082,24.526411],[39.61161,24.525937],[39.61168,24.5259],[39.612474,24.525312],[39.612539,24.525277],[39.613398,24.525267],[39.614258,24.525195],[39.615117,24.525144],[39.6156,24.525312],[39.615977,24.525601],[39.616731,24.525937],[39.616836,24.525968],[39.616892,24.525937],[39.617127,24.525312],[39.617157,24.524687],[39.617187,24.524062],[39.617223,24.523438],[39.616836,24.522926],[39.616772,24.522813],[39.616836,24.522737],[39.617695,24.522568],[39.618555,24.522202],[39.619414,24.522448],[39.620273,24.522506],[39.621133,24.522555],[39.621198,24.522188],[39.621659,24.521562],[39.621992,24.521004],[39.622035,24.520937],[39.622478,24.520312],[39.622852,24.520088],[39.623711,24.51973],[39.623782,24.519687],[39.624187,24.519063],[39.623809,24.518438],[39.624269,24.517812],[39.62457,24.517572],[39.625101,24.517187],[39.62543,24.516882],[39.625695,24.516562],[39.626289,24.51594],[39.627148,24.516558],[39.627153,24.516562],[39.628008,24.516838],[39.628867,24.516862],[39.629326,24.516562],[39.629727,24.516208],[39.629872,24.515937],[39.629973,24.515313],[39.630357,24.514688],[39.630586,24.514562],[39.631396,24.514063],[39.631445,24.514017],[39.632305,24.513947],[39.633164,24.513674],[39.633318,24.513437],[39.633749,24.512812],[39.634023,24.512618],[39.634883,24.512281],[39.635235,24.512187],[39.635742,24.511983],[39.636083,24.511563],[39.636574,24.510938],[39.636602,24.510884],[39.637083,24.510313],[39.637461,24.510168],[39.63832,24.50998],[39.638595,24.510313],[39.638533,24.510938],[39.638679,24.511563],[39.638809,24.512187],[39.63896,24.512812],[39.63918,24.513111],[39.639893,24.512812],[39.640039,24.512783],[39.640898,24.51232],[39.641221,24.512187],[39.641758,24.511871],[39.642274,24.511563],[39.642617,24.511061],[39.642722,24.510938],[39.643191,24.510313],[39.643477,24.510153],[39.643806,24.510313]]],[[[39.630665,24.509062],[39.630894,24.509687],[39.630586,24.509908],[39.630111,24.510313],[39.629846,24.510938],[39.629727,24.511169],[39.629456,24.511563],[39.629083,24.512187],[39.628867,24.512276],[39.628008,24.512725],[39.627929,24.512812],[39.627559,24.513437],[39.627148,24.513911],[39.626289,24.513958],[39.625682,24.513437],[39.62543,24.513197],[39.624932,24.512812],[39.62457,24.512652],[39.623711,24.512418],[39.623451,24.512187],[39.623453,24.511563],[39.623711,24.511322],[39.624217,24.510938],[39.62457,24.510551],[39.62543,24.510572],[39.626226,24.510938],[39.626289,24.510959],[39.626319,24.510938],[39.627148,24.510393],[39.627833,24.510313],[39.628008,24.510222],[39.628867,24.50978],[39.629199,24.509687],[39.629727,24.509508],[39.630574,24.509062],[39.630586,24.509054],[39.630665,24.509062]]],[[[39.644535,24.509062],[39.64441,24.509687],[39.644336,24.509751],[39.644285,24.509687],[39.644314,24.509062],[39.644336,24.509039],[39.644535,24.509062]]],[[[39.631837,24.508437],[39.631445,24.508872],[39.631247,24.508437],[39.631445,24.508304],[39.631837,24.508437]]],[[[39.62819,24.507813],[39.628591,24.508437],[39.628423,24.509062],[39.628008,24.509549],[39.627148,24.509399],[39.626289,24.509275],[39.626107,24.509062],[39.626289,24.508847],[39.626753,24.508437],[39.627148,24.507936],[39.627561,24.507813],[39.628008,24.507504],[39.62819,24.507813]]],[[[39.633545,24.507813],[39.633164,24.508062],[39.632305,24.508111],[39.632108,24.507813],[39.632305,24.507717],[39.633164,24.50734],[39.633545,24.507813]]],[[[39.634122,24.506563],[39.634023,24.506594],[39.634005,24.506563],[39.634023,24.506548],[39.634122,24.506563]]]]}},{"type":"Feature","properties":{"elev_absolute":918,"min_height":300,"height":330},"geometry":{"type":"MultiPolygon","coordinates":[[[[39.603397,24.529062],[39.603945,24.529475],[39.604805,24.529594],[39.605664,24.529642],[39.605712,24.529687],[39.605664,24.52972],[39.604805,24.529807],[39.604066,24.530313],[39.603945,24.530475],[39.603159,24.530313],[39.603086,24.530301],[39.602664,24.529687],[39.602776,24.529062],[39.603086,24.528745],[39.603397,24.529062]]],[[[39.602649,24.527812],[39.602227,24.528371],[39.60197,24.527812],[39.602227,24.527626],[39.602649,24.527812]]],[[[39.606688,24.522188],[39.607383,24.522731],[39.607427,24.522813],[39.607383,24.523013],[39.607242,24.523438],[39.607362,24.524062],[39.606736,24.524687],[39.606523,24.524773],[39.605664,24.524883],[39.605163,24.525312],[39.604805,24.525597],[39.604575,24.525937],[39.604198,24.526563],[39.603945,24.526854],[39.603321,24.527188],[39.603086,24.527337],[39.602982,24.527188],[39.60294,24.526563],[39.602826,24.525937],[39.602927,24.525312],[39.603086,24.525177],[39.603683,24.524687],[39.603945,24.524389],[39.604268,24.524062],[39.60476,24.523438],[39.604805,24.5234],[39.605396,24.522813],[39.605664,24.522596],[39.606414,24.522188],[39.606523,24.521985],[39.606688,24.522188]]],[[[39.642729,24.512187],[39.642617,24.512375],[39.642196,24.512187],[39.642617,24.511982],[39.642729,24.512187]]],[[[39.628505,24.511563],[39.628046,24.512187],[39.628008,24.512205],[39.627462,24.512812],[39.627148,24.513275],[39.626604,24.513437],[39.626289,24.5135],[39.626216,24.513437],[39.625612,24.512812],[39.62543,24.512459],[39.62457,24.512358],[39.624039,24.512187],[39.624431,24.511563],[39.62457,24.511455],[39.624808,24.511563],[39.62543,24.51195],[39.626289,24.512157],[39.626796,24.511563],[39.627148,24.511306],[39.628008,24.511246],[39.628505,24.511563]]],[[[39.637766,24.510938],[39.638056,24.511563],[39.63832,24.512054],[39.638378,24.512187],[39.638492,24.512812],[39.638919,24.513437],[39.63918,24.513688],[39.639717,24.513437],[39.640039,24.513285],[39.640541,24.512812],[39.640898,24.51262],[39.641758,24.512308],[39.642318,24.512812],[39.641995,24.513437],[39.641758,24.513819],[39.641618,24.514063],[39.640898,24.514604],[39.640822,24.514688],[39.640039,24.51529],[39.640013,24.515313],[39.640025,24.515937],[39.639628,24.516562],[39.63918,24.516853],[39.63832,24.51703],[39.637461,24.516903],[39.636602,24.516708],[39.635742,24.517132],[39.63565,24.517187],[39.63524,24.517812],[39.634883,24.518132],[39.634475,24.518438],[39.634023,24.518829],[39.633401,24.519063],[39.633164,24.519202],[39.632331,24.519687],[39.632305,24.519698],[39.631445,24.520026],[39.630586,24.520189],[39.629786,24.520312],[39.629727,24.52033],[39.628867,24.520606],[39.628591,24.520937],[39.628196,24.521562],[39.628008,24.52198],[39.627859,24.522188],[39.627148,24.522537],[39.626941,24.522813],[39.626476,24.523438],[39.626289,24.523652],[39.626066,24.524062],[39.625629,24.524687],[39.62543,24.524862],[39.62503,24.525312],[39.62457,24.525738],[39.624146,24.525937],[39.623711,24.526227],[39.623177,24.526563],[39.622852,24.526833],[39.622088,24.527188],[39.621992,24.527216],[39.621508,24.527812],[39.621133,24.528228],[39.620871,24.528437],[39.620273,24.528809],[39.619668,24.529062],[39.619414,24.529225],[39.61895,24.529687],[39.618555,24.529957],[39.618166,24.530313],[39.617695,24.530786],[39.617492,24.530938],[39.616933,24.531562],[39.616836,24.531653],[39.616391,24.532187],[39.616262,24.532812],[39.615996,24.533437],[39.615977,24.533462],[39.61544,24.534063],[39.615117,24.534555],[39.614991,24.534688],[39.614258,24.535243],[39.614204,24.535312],[39.613964,24.535937],[39.613669,24.536562],[39.613449,24.537187],[39.613398,24.537286],[39.612539,24.537725],[39.612215,24.537187],[39.61168,24.536707],[39.611449,24.536562],[39.61082,24.536164],[39.610681,24.535937],[39.61064,24.535312],[39.610382,24.534688],[39.610043,24.534063],[39.609961,24.533898],[39.609732,24.533437],[39.609102,24.53314],[39.608297,24.532812],[39.608242,24.532799],[39.607383,24.532588],[39.606927,24.532187],[39.606859,24.531562],[39.606957,24.530938],[39.607383,24.530453],[39.608218,24.530313],[39.608242,24.530309],[39.609102,24.530266],[39.609717,24.529687],[39.609961,24.529378],[39.61082,24.529485],[39.611304,24.529062],[39.611149,24.528437],[39.61082,24.527883],[39.610746,24.527812],[39.6104,24.527188],[39.61082,24.526905],[39.611203,24.526563],[39.61168,24.526257],[39.612381,24.525937],[39.612539,24.52582],[39.613183,24.525937],[39.613398,24.526011],[39.613458,24.525937],[39.614258,24.525533],[39.615117,24.525524],[39.615661,24.525937],[39.615977,24.526151],[39.616836,24.526373],[39.617395,24.526563],[39.617695,24.5268],[39.618019,24.526563],[39.617695,24.526107],[39.617626,24.525937],[39.617695,24.525369],[39.617745,24.525312],[39.618555,24.52503],[39.619414,24.524825],[39.619545,24.524687],[39.619414,24.524413],[39.618555,24.524524],[39.617886,24.524687],[39.617695,24.525219],[39.617668,24.524687],[39.617558,24.524062],[39.617695,24.523554],[39.61782,24.523438],[39.618288,24.522813],[39.618555,24.522708],[39.619414,24.522739],[39.619824,24.522813],[39.620273,24.523027],[39.620895,24.523438],[39.621133,24.523656],[39.621477,24.523438],[39.621889,24.522813],[39.621921,24.522188],[39.621992,24.522075],[39.622363,24.521562],[39.622691,24.520937],[39.622852,24.520674],[39.623168,24.520312],[39.623711,24.520099],[39.624403,24.519687],[39.62457,24.519459],[39.624804,24.519063],[39.624769,24.518438],[39.624928,24.517812],[39.62543,24.517449],[39.625891,24.517187],[39.626252,24.516562],[39.626289,24.516524],[39.626343,24.516562],[39.62676,24.517187],[39.627148,24.517368],[39.628008,24.517321],[39.628867,24.517466],[39.629328,24.517187],[39.629727,24.516914],[39.630149,24.516562],[39.630531,24.515937],[39.630586,24.515836],[39.630934,24.515313],[39.631209,24.514688],[39.631445,24.514543],[39.632305,24.514415],[39.633019,24.514688],[39.633164,24.514767],[39.633261,24.514688],[39.633498,24.514063],[39.633895,24.513437],[39.634023,24.513263],[39.634672,24.512812],[39.634883,24.512729],[39.635742,24.512671],[39.636239,24.512187],[39.636602,24.511628],[39.636646,24.511563],[39.637245,24.510938],[39.637461,24.510717],[39.637766,24.510938]]],[[[39.629109,24.510313],[39.629117,24.510938],[39.628867,24.511261],[39.628484,24.510938],[39.628759,24.510313],[39.628867,24.510247],[39.629109,24.510313]]]]}},{"type":"Feature","properties":{"elev_absolute":948,"min_height":330,"height":360},"geometry":{"type":"MultiPolygon","coordinates":[[[[39.604388,24.525312],[39.60409,24.525937],[39.603945,24.526158],[39.603581,24.525937],[39.603478,24.525312],[39.603945,24.524873],[39.604388,24.525312]]],[[[39.60662,24.523438],[39.606554,24.524062],[39.606523,24.524092],[39.605664,24.524072],[39.605063,24.524687],[39.604805,24.524904],[39.604338,24.524687],[39.604672,24.524062],[39.604805,24.523897],[39.605297,24.523438],[39.605664,24.52304],[39.606523,24.523037],[39.60662,24.523438]]],[[[39.641819,24.512812],[39.641758,24.512923],[39.641538,24.512812],[39.641758,24.512757],[39.641819,24.512812]]],[[[39.637517,24.511563],[39.637658,24.512187],[39.637903,24.512812],[39.63832,24.513339],[39.638384,24.513437],[39.638506,24.514063],[39.63918,24.514153],[39.639491,24.514063],[39.640039,24.513811],[39.64046,24.513437],[39.640898,24.513017],[39.641382,24.513437],[39.641106,24.514063],[39.640898,24.514219],[39.640469,24.514688],[39.640039,24.515018],[39.639696,24.515313],[39.639638,24.515937],[39.639192,24.516562],[39.63918,24.516571],[39.63832,24.516807],[39.637485,24.516562],[39.637461,24.516536],[39.636602,24.516286],[39.63608,24.516562],[39.635742,24.516745],[39.635009,24.517187],[39.63492,24.517812],[39.634883,24.517845],[39.634093,24.518438],[39.634023,24.518498],[39.633164,24.518808],[39.632598,24.519063],[39.632305,24.519238],[39.631707,24.519687],[39.631445,24.519788],[39.630586,24.519944],[39.629727,24.520069],[39.628867,24.520229],[39.628627,24.520312],[39.628165,24.520937],[39.628008,24.521186],[39.627778,24.521562],[39.627173,24.522188],[39.627148,24.5222],[39.626688,24.522813],[39.626289,24.523281],[39.626158,24.523438],[39.625821,24.524062],[39.62543,24.524543],[39.62532,24.524687],[39.62473,24.525312],[39.62457,24.52546],[39.623711,24.52588],[39.623514,24.525937],[39.622852,24.526342],[39.622295,24.526563],[39.621992,24.5267],[39.621675,24.527188],[39.621237,24.527812],[39.621133,24.527928],[39.620497,24.528437],[39.620273,24.528576],[39.619414,24.528895],[39.619083,24.529062],[39.618595,24.529687],[39.618555,24.529715],[39.617902,24.530313],[39.617695,24.530521],[39.617137,24.530938],[39.616836,24.53127],[39.616514,24.531562],[39.616094,24.532187],[39.616009,24.532812],[39.615977,24.532887],[39.615592,24.533437],[39.615124,24.534063],[39.615117,24.534073],[39.614533,24.534688],[39.614258,24.534896],[39.613933,24.535312],[39.613583,24.535937],[39.613398,24.536249],[39.613021,24.536562],[39.612539,24.536883],[39.612162,24.536562],[39.61168,24.536252],[39.611215,24.535937],[39.611064,24.535312],[39.610936,24.534688],[39.61095,24.534063],[39.61082,24.533888],[39.610392,24.533437],[39.609961,24.532928],[39.609683,24.532812],[39.609102,24.532691],[39.608242,24.532491],[39.607383,24.532193],[39.607377,24.532187],[39.607232,24.531562],[39.607383,24.530976],[39.607506,24.530938],[39.608242,24.530852],[39.609102,24.530711],[39.609961,24.530374],[39.610141,24.530313],[39.61082,24.530048],[39.611547,24.530313],[39.61168,24.530413],[39.612072,24.530313],[39.612422,24.529687],[39.612011,24.529062],[39.612268,24.528437],[39.61168,24.528087],[39.611423,24.527812],[39.611359,24.527188],[39.61168,24.526765],[39.612047,24.526563],[39.612539,24.526457],[39.612754,24.526563],[39.613398,24.526993],[39.613859,24.526563],[39.614258,24.526029],[39.614609,24.526563],[39.615117,24.527079],[39.615977,24.526642],[39.616836,24.526949],[39.617143,24.527188],[39.617031,24.527812],[39.616836,24.528351],[39.616814,24.528437],[39.616787,24.529062],[39.616836,24.529222],[39.617102,24.529062],[39.617695,24.528827],[39.618142,24.528437],[39.618232,24.527812],[39.618555,24.527578],[39.618931,24.527188],[39.619321,24.526563],[39.619414,24.5265],[39.620013,24.525937],[39.620072,24.525312],[39.620273,24.525114],[39.620735,24.524687],[39.621133,24.524459],[39.621818,24.524062],[39.621992,24.523947],[39.622852,24.52348],[39.622887,24.523438],[39.622852,24.523227],[39.622749,24.522813],[39.622724,24.522188],[39.622852,24.522016],[39.623151,24.521562],[39.623511,24.520937],[39.623711,24.520718],[39.624126,24.520312],[39.62457,24.520074],[39.624963,24.519687],[39.625305,24.519063],[39.62531,24.518438],[39.62543,24.51814],[39.625641,24.517812],[39.626289,24.517447],[39.627097,24.517812],[39.627148,24.517874],[39.628008,24.517852],[39.628867,24.517918],[39.629096,24.517812],[39.629727,24.517464],[39.630247,24.517187],[39.630586,24.51686],[39.630762,24.516562],[39.631221,24.515937],[39.631445,24.515647],[39.63184,24.515313],[39.632305,24.514991],[39.632906,24.515313],[39.633164,24.515432],[39.633596,24.515313],[39.634023,24.514854],[39.634182,24.514688],[39.634883,24.51446],[39.635305,24.514063],[39.635495,24.513437],[39.635742,24.513272],[39.636602,24.512839],[39.636653,24.512812],[39.637165,24.512187],[39.637384,24.511563],[39.637461,24.511479],[39.637517,24.511563]]]]}},{"type":"Feature","properties":{"elev_absolute":978,"min_height":360,"height":390},"geometry":{"type":"MultiPolygon","coordinates":[[[[39.616204,24.527812],[39.616137,24.528437],[39.616098,24.529062],[39.615977,24.52931],[39.615762,24.529687],[39.615117,24.530293],[39.614795,24.530313],[39.614835,24.530938],[39.615117,24.531444],[39.615294,24.530938],[39.615268,24.530313],[39.615977,24.530118],[39.616836,24.529999],[39.617513,24.530313],[39.616836,24.530837],[39.616607,24.530938],[39.616082,24.531562],[39.615977,24.531743],[39.61526,24.532187],[39.615289,24.532812],[39.61518,24.533437],[39.615117,24.533521],[39.614531,24.534063],[39.614258,24.534395],[39.614056,24.534688],[39.613663,24.535312],[39.613398,24.535722],[39.613012,24.535937],[39.612539,24.536329],[39.611878,24.535937],[39.61168,24.535785],[39.611452,24.535312],[39.611404,24.534688],[39.611376,24.534063],[39.610985,24.533437],[39.61082,24.533317],[39.610375,24.532812],[39.609961,24.532559],[39.609102,24.532367],[39.60827,24.532187],[39.608242,24.532144],[39.607989,24.531562],[39.608242,24.53142],[39.609102,24.53113],[39.609731,24.530938],[39.609961,24.530854],[39.61082,24.530732],[39.611097,24.530938],[39.61136,24.531562],[39.611518,24.532187],[39.61168,24.532306],[39.612108,24.532187],[39.612539,24.531739],[39.612727,24.531562],[39.613398,24.531144],[39.613763,24.530938],[39.614219,24.530313],[39.613667,24.529687],[39.613398,24.529449],[39.61286,24.529062],[39.613021,24.528437],[39.612981,24.527812],[39.613398,24.527628],[39.614258,24.527547],[39.615117,24.52754],[39.615977,24.527397],[39.616204,24.527812]]],[[[39.63765,24.513437],[39.63775,24.514063],[39.637857,24.514688],[39.63832,24.51476],[39.638489,24.514688],[39.63918,24.51449],[39.640039,24.514503],[39.640116,24.514688],[39.640039,24.514747],[39.63938,24.515313],[39.63925,24.515937],[39.63918,24.516036],[39.6384,24.516562],[39.63832,24.516585],[39.638245,24.516562],[39.637636,24.515937],[39.637461,24.51552],[39.636602,24.515882],[39.63654,24.515937],[39.635742,24.516357],[39.635249,24.516562],[39.634883,24.516768],[39.634342,24.517187],[39.634288,24.517812],[39.634023,24.518015],[39.633228,24.518438],[39.633164,24.51846],[39.632305,24.518805],[39.632084,24.519063],[39.631445,24.519536],[39.630652,24.519687],[39.630586,24.519699],[39.629727,24.519816],[39.628867,24.520033],[39.628063,24.520312],[39.628008,24.520396],[39.627845,24.520937],[39.62737,24.521562],[39.627148,24.521787],[39.626868,24.522188],[39.626434,24.522813],[39.626289,24.522983],[39.625908,24.523438],[39.625576,24.524062],[39.62543,24.524242],[39.625092,24.524687],[39.62457,24.525206],[39.624371,24.525312],[39.623711,24.525657],[39.622852,24.525881],[39.622719,24.525937],[39.621992,24.526244],[39.621533,24.526563],[39.621327,24.527188],[39.621133,24.527485],[39.620778,24.527812],[39.620273,24.528241],[39.619882,24.528437],[39.619414,24.528586],[39.619081,24.528437],[39.618918,24.527812],[39.619414,24.527264],[39.619537,24.527188],[39.620273,24.526827],[39.620643,24.526563],[39.62065,24.525937],[39.620907,24.525312],[39.621133,24.525119],[39.621992,24.524845],[39.622203,24.524687],[39.622852,24.524166],[39.622989,24.524062],[39.623471,24.523438],[39.623711,24.522937],[39.62377,24.522813],[39.623711,24.522668],[39.623464,24.522188],[39.623711,24.521812],[39.623863,24.521562],[39.624225,24.520937],[39.62457,24.520634],[39.624869,24.520312],[39.62543,24.519758],[39.625538,24.519687],[39.625998,24.519063],[39.62598,24.518438],[39.626289,24.518042],[39.626665,24.518438],[39.627148,24.519024],[39.627835,24.518438],[39.628008,24.518365],[39.628867,24.518432],[39.629727,24.518008],[39.630076,24.517812],[39.630586,24.517517],[39.631098,24.517187],[39.631427,24.516562],[39.631445,24.516538],[39.632305,24.516179],[39.633164,24.516144],[39.633981,24.515937],[39.634023,24.51593],[39.63441,24.515313],[39.634883,24.514946],[39.635742,24.514751],[39.635825,24.514688],[39.636016,24.514063],[39.636602,24.51346],[39.636712,24.513437],[39.637461,24.513168],[39.63765,24.513437]]]]}},{"type":"Feature","properties":{"elev_absolute":1008,"min_height":390,"height":420},"geometry":{"type":"MultiPolygon","coordinates":[[[[39.613051,24.532812],[39.613141,24.533437],[39.613398,24.534024],[39.613425,24.534063],[39.61355,24.534688],[39.613398,24.535267],[39.613367,24.535312],[39.612539,24.535704],[39.612024,24.535312],[39.611878,24.534688],[39.611859,24.534063],[39.611815,24.533437],[39.61168,24.532826],[39.611662,24.532812],[39.61168,24.532811],[39.612539,24.532691],[39.613051,24.532812]]],[[[39.610655,24.531562],[39.61082,24.532122],[39.61083,24.532187],[39.61082,24.532255],[39.609961,24.532249],[39.609695,24.532187],[39.609102,24.531638],[39.609037,24.531562],[39.609102,24.531538],[39.609961,24.531322],[39.610655,24.531562]]],[[[39.615165,24.529062],[39.615117,24.529188],[39.614258,24.529232],[39.614092,24.529062],[39.614258,24.528638],[39.615117,24.528982],[39.615165,24.529062]]],[[[39.63293,24.517187],[39.633001,24.517812],[39.632305,24.518326],[39.632221,24.518438],[39.631728,24.519063],[39.631445,24.519272],[39.630586,24.519355],[39.629727,24.519444],[39.629388,24.519687],[39.628867,24.519836],[39.628008,24.519888],[39.627708,24.520312],[39.627586,24.520937],[39.627148,24.521429],[39.626923,24.521562],[39.626578,24.522188],[39.626289,24.522625],[39.626095,24.522813],[39.625657,24.523438],[39.62543,24.523871],[39.625254,24.524062],[39.624863,24.524687],[39.62457,24.524979],[39.623945,24.525312],[39.623711,24.525435],[39.622852,24.525453],[39.622239,24.525312],[39.622852,24.524835],[39.622945,24.524687],[39.623711,24.524108],[39.623745,24.524062],[39.62402,24.523438],[39.624344,24.522813],[39.624308,24.522188],[39.624539,24.521562],[39.62457,24.521507],[39.624998,24.520937],[39.625413,24.520312],[39.62543,24.520296],[39.626289,24.519749],[39.626824,24.519687],[39.627148,24.519652],[39.628008,24.519266],[39.628284,24.519063],[39.628867,24.518871],[39.629727,24.518472],[39.62977,24.518438],[39.630586,24.518002],[39.630972,24.517812],[39.631445,24.517523],[39.631971,24.517187],[39.632305,24.516899],[39.63293,24.517187]]],[[[39.636243,24.515313],[39.635804,24.515937],[39.635742,24.51597],[39.635641,24.515937],[39.634907,24.515313],[39.635742,24.515219],[39.636243,24.515313]]],[[[39.6385,24.515313],[39.638339,24.515937],[39.63832,24.51595],[39.638308,24.515937],[39.638234,24.515313],[39.63832,24.515264],[39.6385,24.515313]]],[[[39.636806,24.514688],[39.636602,24.515099],[39.636434,24.514688],[39.636602,24.514109],[39.636806,24.514688]]]]}},{"type":"Feature","properties":{"elev_absolute":1038,"min_height":420,"height":441},"geometry":{"type":"MultiPolygon","coordinates":[[[[39.612601,24.534063],[39.61284,24.534688],[39.612539,24.534998],[39.612358,24.534688],[39.612491,24.534063],[39.612539,24.533961],[39.612601,24.534063]]],[[[39.62488,24.523438],[39.624817,24.524062],[39.624635,24.524687],[39.62457,24.524752],[39.624035,24.524687],[39.624272,24.524062],[39.624544,24.523438],[39.62457,24.52339],[39.62488,24.523438]]],[[[39.627375,24.520312],[39.627327,24.520937],[39.627148,24.521138],[39.626433,24.521562],[39.626289,24.522175],[39.626278,24.522188],[39.625639,24.522813],[39.62543,24.523336],[39.625059,24.522813],[39.625093,24.522188],[39.625397,24.521562],[39.62543,24.521519],[39.62589,24.520937],[39.626289,24.520451],[39.626424,24.520312],[39.627148,24.52005],[39.627375,24.520312]]],[[[39.631471,24.518438],[39.631445,24.518529],[39.63129,24.518438],[39.631445,24.5184],[39.631471,24.518438]]]]}}]}